plot.mpb,plot,date,plot_id,tree.id,live.dead,j.gal,exit.hole,dbh,scorch.height,bole.scorch,cl.deep.char,killed.by,mortality,canopy.str,canopy,cones,seed.source,cone.ct,snag.cwd,fwi,burncon
LM1,1,6/29/2016,CEC0629M1,NW1,D,N,N,7,5,100,1,FIRE,FIRE,full,yes,open,yes,7,snag,25.9,moderate
LM1,1,6/29/2016,CEC0629M1,NW2,D,N,N,7,5,90,1,FIRE,FIRE,full,yes,open,yes,5,snag,25.9,moderate
LM1,1,6/29/2016,CEC0629M1,NW3,D,O,N,13,3.5,40,1,FIRE,FIRE,full,yes,open,yes,25,snag,25.9,moderate
LM1,1,6/29/2016,CEC0629M1,NW4,D,N,N,9,4.5,45,1,FIRE,FIRE,full,yes,open,yes,5,snag,25.9,moderate
LM1,1,6/29/2016,CEC0629M1,NW5,D,N,N,10.5,5,45,1,FIRE,FIRE,full,yes,open,yes,100,snag,25.9,moderate
LM1,1,6/29/2016,CEC0629M1,NW6,D,N,N,12,4.5,45,1,FIRE,FIRE,full,yes,open,yes,100,snag,25.9,moderate
LM1,1,6/29/2016,CEC0629M1,SW1,D,N,N,9,4.5,35,1,FIRE,FIRE,full,yes,open,yes,40,snag,25.9,moderate
LM2,2,6/30/2016,CEC0630H1,NE1,D,N,N,9.5,4,30,1,FIRE,FIRE,full,yes,open,yes,50,snag,25.9,moderate
LM2,2,6/30/2016,CEC0630H1,NW1,D,N,N,10,4,35,1,FIRE,FIRE,full,yes,open,yes,300,snag,25.9,moderate
LM2,2,6/30/2016,CEC0630H1,NW2,D,O,Y,15,2,15,1,FIRE,FIRE,full,yes,open,yes,300,snag,25.9,moderate
LM2,2,6/30/2016,CEC0630H1,NW3,D,O,Y,11,2,15,1,FIRE,FIRE,full,yes,open,yes,200,snag,25.9,moderate
LM2,2,6/30/2016,CEC0630H1,SE1,D,N,N,12.5,4,30,1,FIRE,FIRE,full,yes,open,yes,100,snag,25.9,moderate
LM2,2,6/30/2016,CEC0630H1,SE2,D,N,N,9.5,4,30,1,FIRE,FIRE,full,yes,open,yes,0,snag,25.9,moderate
LM2,2,6/30/2016,CEC0630H1,SE3,D,N,N,13,4,30,1,FIRE,FIRE,full,yes,open,yes,200,snag,25.9,moderate
LL3,3,7/1/2016,CEC0701L1,NE2,D,O,Y,11.5,0.5,5,1,FIRE,FIRE,full,yes,both,yes,400,snag,25.9,moderate
LL3,3,7/1/2016,CEC0701L1,NE4,D,O,Y,16.5,0.5,3,1,FIRE,FIRE,full,yes,both,yes,500,snag,25.9,moderate
LL3,3,7/1/2016,CEC0701L1,SE1,D,O,Y,10.5,0.1,0.5,1,FIRE,FIRE,full,yes,both,yes,100,snag,25.9,moderate
LL3,3,7/1/2016,CEC0701L1,SW4,D,O,N,7,0.5,3,1,FIRE,FIRE,full,yes,both,yes,50,snag,25.9,moderate
LL3,3,7/1/2016,CEC0701L1,SW6,D,O,Y,10,0.5,2,1,FIRE,FIRE,full,yes,both,yes,100,snag,25.9,moderate
LL3,3,7/1/2016,CEC0701L1,NW8,D,O,N,9,0.5,4,2,OPF,BOM,partial,yes,both,yes,50,snag,25.9,moderate
LL3,3,7/1/2016,CEC0701L1,NW10,D,O,Y,12,0.5,2,1,FIRE,FIRE,full,yes,closed,no,30,snag,25.9,moderate
LL3,3,7/1/2016,CEC0701L1,SE12,D,O,Y,8.5,0.1,0.5,1,FIRE,FIRE,full,yes,closed,no,100,snag,25.9,moderate
LL3,3,7/1/2016,CEC0701L1,SE2,D,N,N,8.5,0.1,0.5,1,FIRE,FIRE,full,yes,closed,no,5,snag,25.9,moderate
LL3,3,7/1/2016,CEC0701L1,SE3,D,N,N,10.5,0.5,1,1,FIRE,FIRE,full,yes,closed,no,30,snag,25.9,moderate
LL3,3,7/1/2016,CEC0701L1,SE4,D,O,Y,11.5,0.1,0.5,1,FIRE,FIRE,full,yes,closed,no,50,snag,25.9,moderate
LL3,3,7/1/2016,CEC0701L1,SE6,D,O,Y,10,0.1,0.5,1,FIRE,FIRE,full,yes,closed,no,30,snag,25.9,moderate
LL3,3,7/1/2016,CEC0701L1,SW3,D,O,Y,12,0.5,1,1,FIRE,FIRE,full,yes,closed,no,200,snag,25.9,moderate
LL3,3,7/1/2016,CEC0701L1,SW7,D,O,Y,10.5,2,20,1,FIRE,FIRE,full,yes,closed,no,50,snag,25.9,moderate
LL3,3,7/1/2016,CEC0701L1,SE11,L,live,live,9.5,0.5,3,1,live,live,full,yes,closed,no,50,snag,25.9,moderate
LL3,3,7/1/2016,CEC0701L1,SW10,L,live,live,11,0.5,2,1,live,live,full,yes,closed,no,200,snag,25.9,moderate
LL3,3,7/1/2016,CEC0701L1,SW5,L,live,live,14,0.5,2,1,live,live,full,yes,closed,no,200,snag,25.9,moderate
LL3,3,7/1/2016,CEC0701L1,NE3,D,O,Y,11.5,1,10,2,UNK,UPF,partial,yes,closed,no,10,snag,25.9,moderate
LL3,3,7/1/2016,CEC0701L1,NW12,D,Y,Y,18,0.5,2,2,MPB,BOM,partial,yes,closed,no,150,snag,25.9,moderate
LL3,3,7/1/2016,CEC0701L1,NW4,D,N,N,8.5,0.5,1,1,FIRE,FIRE,partial,yes,closed,no,20,snag,25.9,moderate
LL3,3,7/1/2016,CEC0701L1,SE5,D,Y,Y,11.5,1,3,2,MPB,BOM,partial,yes,closed,no,400,snag,25.9,moderate
LL3,3,7/1/2016,CEC0701L1,SE9,D,Y,Y,17,1,5,2,MPB,BOM,partial,yes,closed,no,400,snag,25.9,moderate
LL3,3,7/1/2016,CEC0701L1,SW1,D,Y,Y ,13.5,1,5,2,MPB,BOM,partial,yes,closed,no,200,snag,25.9,moderate
LL3,3,7/1/2016,CEC0701L1,NW1,D,O,Y,8.5,0.5,5,2,OPF,BOM,none,no,none,no,0,snag,25.9,moderate
LL3,3,7/1/2016,CEC0701L1,NW11,D,O,N,10,0.5,5,2,OPF,BOM,none,no,none,no,0,snag,25.9,moderate
LL3,3,7/1/2016,CEC0701L1,SW11,D,O,N,9,0.5,3,2,OPF,BOM,none,no,none,no,0,snag,25.9,moderate
LL3,3,7/1/2016,CEC0701L1,SW9,D,O,N,8,0.5,3,2,OPF,BOM,none,no,none,no,0,snag,25.9,moderate
LL3,3,7/1/2016,CEC0701L1,NE1,D,Y,Y,12.5,1,10,2,MPB,BOM,partial,yes,none,no,0,snag,25.9,moderate
LL3,3,7/1/2016,CEC0701L1,NE5,D,Y,Y,17.5,1,5,2,MPB,BOM,partial,yes,none,no,0,snag,25.9,moderate
LL3,3,7/1/2016,CEC0701L1,NE6,D,N,N,7,0.5,3,2,OPF,BOM,partial,yes,none,no,0,snag,25.9,moderate
LL3,3,7/1/2016,CEC0701L1,NW9,D,N,N,8,0.5,5,2,OPF,BOM,partial,yes,none,no,0,snag,25.9,moderate
LL3,3,7/1/2016,CEC0701L1,SE10,D,N,N,9,0.1,0.5,1,OPF,BOM,partial,yes,none,no,0,snag,25.9,moderate
LL3,3,7/1/2016,CEC0701L1,SE7,D,O,Y,11.5,0.5,3,2,OPF,BOM,partial,yes,none,no,0,snag,25.9,moderate
LL3,3,7/1/2016,CEC0701L1,SE8,D,O,Y,10,0.5,3,1,FIRE,FIRE,partial,yes,none,no,0,snag,25.9,moderate
LL3,3,7/1/2016,CEC0701L1,NE8,D,O,Y,10,0.5,1,1,FIRE,FIRE,full,yes,open,yes,30,snag,25.9,moderate
LL3,3,7/1/2016,CEC0701L1,NW2,D,O,Y,10,0.5,5,1,FIRE,FIRE,full,yes,open,yes,10,snag,25.9,moderate
LL3,3,7/1/2016,CEC0701L1,NW7,D,O,Y,15,0.5,3,1,FIRE,FIRE,full,yes,open,yes,100,snag,25.9,moderate
LL3,3,7/1/2016,CEC0701L1,SW2,D,O,Y,7,0.5,2,1,FIRE,FIRE,full,yes,open,yes,15,snag,25.9,moderate
LL3,3,7/1/2016,CEC0701L1,NE7,D,O,Y,13,1,5,2,OPF,BOM,partial,yes,open,yes,10,snag,25.9,moderate
LL3,3,7/1/2016,CEC0701L1,NW5,D,O,Y,11,0.1,0.5,1,FIRE,FIRE,partial,yes,open,yes,150,snag,25.9,moderate
LL3,3,7/1/2016,CEC0701L1,NW6,D,N,N,11,0.5,5,1,FIRE,FIRE,partial,yes,open,yes,20,snag,25.9,moderate
LL3,3,7/1/2016,CEC0701L1,SW8,D,Y,Y,12.5,1,7,1,MPB,BOM,partial,yes,open,yes,5,snag,25.9,moderate
HM4,4,7/2/2016,CEC0702M1,NE1,D,N,NB,13,2.5,10,2,OPF,BOM,partial,yes,both,yes,150,snag,27.4,moderate
HM4,4,7/2/2016,CEC0702M1,SE2,D,Y,Y,13.5,0.1,1,2,MPB,BOM,partial,yes,both,yes,200,snag,27.4,moderate
HM4,4,7/2/2016,CEC0702M1,SE3,D,Y,Y,15.5,0.1,1,2,MPB,BOM,partial,yes,both,yes,50,snag,27.4,moderate
HM4,4,7/2/2016,CEC0702M1,NW1,D,Y,Y,21.5,4.5,30,2,MPB,BOM,full,yes,closed,no,400,snag,27.4,moderate
HM4,4,7/2/2016,CEC0702M1,SW1,D,Y,Y,17,2.5,10,2,MPB,BOM,full,yes,closed,no,100,snag,27.4,moderate
HM4,4,7/2/2016,CEC0702M1,SW2,D,Y,Y,23,0.5,5,2,MPB,BOM,full,yes,closed,no,100,snag,27.4,moderate
HM4,4,7/2/2016,CEC0702M1,NE2,D,Y,Y,17,3.5,10,2,MPB,BOM,partial,yes,closed,no,30,snag,27.4,moderate
HM4,4,7/2/2016,CEC0702M1,NW2,D,Y,Y,17,4,20,2,MPB,BOM,partial,yes,closed,no,4,snag,27.4,moderate
HM4,4,7/2/2016,CEC0702M1,SE1,D,Y,Y,16.5,3,5,2,MPB,BOM,partial,yes,closed,no,10,snag,27.4,moderate
HM4,4,7/2/2016,CEC0702M1,NW4,D,O,Y,15,3.5,25,2,OPF,BOM,full,yes,open,yes,200,snag,27.4,moderate
HM4,4,7/2/2016,CEC0702M1,NW5,D,O,Y,12,3,25,2,OPF,BOM,full,yes,open,yes,2,snag,27.4,moderate
HM4,4,7/2/2016,CEC0702M1,NW3,D,Y,Y,16,3,20,2,MPB,BOM,partial,yes,open,yes,40,snag,27.4,moderate
LH5,5,7/2/2016,CEC0702H1,NE1,D,N,Y,13,14,100,3,OPF,UPF,none,no,none,no,0,snag,27.4,moderate
LH5,5,7/2/2016,CEC0702H1,NE3,D,N,N,13.5,9,100,3,OPF,UPF,none,no,none,no,0,snag,27.4,moderate
LH5,5,7/2/2016,CEC0702H1,NE5,D,N,N,9.5,10,100,3,OPF,UPF,none,no,none,no,0,snag,27.4,moderate
LH5,5,7/2/2016,CEC0702H1,NE6,D,N,N,9,11,100,3,OPF,UPF,none,no,none,no,0,snag,27.4,moderate
LH5,5,7/2/2016,CEC0702H1,NE7,D,N,N,7.5,6.5,99,3,OPF,UPF,none,no,none,no,0,snag,27.4,moderate
LH5,5,7/2/2016,CEC0702H1,NE8,D,N,N,13,11,99,3,OPF,UPF,none,no,none,no,0,snag,27.4,moderate
LH5,5,7/2/2016,CEC0702H1,NW2,D,N,N,11,12,100,3,OPF,UPF,none,no,none,no,0,snag,27.4,moderate
LH5,5,7/2/2016,CEC0702H1,NW6,D,N,N,13.5,12,100,3,OPF,UPF,none,no,none,no,0,snag,27.4,moderate
LH5,5,7/2/2016,CEC0702H1,SE1,D,N,N,13.5,14,100,3,OPF,UPF,none,no,none,no,0,snag,27.4,moderate
LH5,5,7/2/2016,CEC0702H1,SE2,D,N,Y,8.5,12,100,3,OPF,UPF,none,no,none,no,0,snag,27.4,moderate
LH5,5,7/2/2016,CEC0702H1,SE3,D,N,N,11,13,100,3,OPF,UPF,none,no,none,no,0,snag,27.4,moderate
LH5,5,7/2/2016,CEC0702H1,SW1,D,N,N,12.5,12,100,3,OPF,UPF,none,no,none,no,0,snag,27.4,moderate
LH5,5,7/2/2016,CEC0702H1,SW2,D,N,N,8.5,10,100,3,OPF,UPF,none,no,none,no,0,snag,27.4,moderate
LH5,5,7/2/2016,CEC0702H1,SW3,D,N,N,10,12,100,3,OPF,UPF,none,no,none,no,0,snag,27.4,moderate
LH5,5,7/2/2016,CEC0702H1,SW4,D,N,N,12,12,100,3,OPF,UPF,none,no,none,no,0,snag,27.4,moderate
LH5,5,7/2/2016,CEC0702H1,NW1,D,N,N,10.5,12,100,1,FIRE,FIRE,full,yes,open,yes,150,snag,27.4,moderate
LH5,5,7/2/2016,CEC0702H1,NW3,D,N,N,16.5,14,100,1,FIRE,FIRE,full,yes,open,yes,150,snag,27.4,moderate
LH5,5,7/2/2016,CEC0702H1,NW4,D,N,N,12,14,100,1,FIRE,FIRE,full,yes,open,yes,200,snag,27.4,moderate
LH5,5,7/2/2016,CEC0702H1,NW5,D,N,N,19,14,100,1,FIRE,FIRE,full,yes,open,yes,500,snag,27.4,moderate
LH5,5,7/2/2016,CEC0702H1,NE2,D,N,Y,10,8.5,100,1,FIRE,FIRE,partial,yes,open,yes,40,snag,27.4,moderate
LH5,5,7/2/2016,CEC0702H1,NE4,D,N,N,8.5,8.5,100,1,FIRE,FIRE,partial,yes,open,yes,20,snag,27.4,moderate
LH5,5,7/2/2016,CEC0702H1,SE4,D,N,N,12,12,100,1,FIRE,FIRE,partial,yes,open,yes,5,snag,27.4,moderate
LH5,5,7/2/2016,CEC0702H1,SE5,D,N,N,8,16,100,1,FIRE,FIRE,partial,yes,open,yes,20,snag,27.4,moderate
LH5,5,7/2/2016,CEC0702H1,SE6,D,N,N,12,16,100,1,FIRE,FIRE,partial,yes,open,yes,500,snag,27.4,moderate
LL6,6,7/3/2016,CEC0703M1,SE4,D,Y,Y,13.5,2.5,5,2,MPB,BOM,partial,yes,both,yes,,snag,19,moderate
LL6,6,7/3/2016,CEC0703M1,NW4,D,N,N,12.5,2,10,1,FIRE,FIRE,full,yes,closed,no,80,snag,19,moderate
LL6,6,7/3/2016,CEC0703M1,SW3,D,N,N,17.5,2,10,1,FIRE,FIRE,full,yes,closed,no,400,snag,19,moderate
LL6,6,7/3/2016,CEC0703M1,NW3,D,Y,Y,14.5,0.5,5,2,MPB,BOM,partial,yes,closed,no,30,snag,19,moderate
LL6,6,7/3/2016,CEC0703M1,SW2,D,Y,Y,13.5,0,0,1,MPB,BOM,partial,yes,closed,no,10,snag,19,moderate
LL6,6,7/3/2016,CEC0703M1,NE3,D,O,Y,8.5,2,35,2,OPF,BOM,none,no,none,no,0,snag,19,moderate
LL6,6,7/3/2016,CEC0703M1,NE4,D,N,Y,8,3,65,2,OPF,BOM,none,no,none,no,0,snag,19,moderate
LL6,6,7/3/2016,CEC0703M1,NE5,D,N,N,7.5,2.5,65,2,OPF,BOM,none,no,none,no,0,snag,19,moderate
LL6,6,7/3/2016,CEC0703M1,NE6,D,N,Y,10.5,1.5,100,3,OPF,BOM,none,no,none,no,0,snag,19,moderate
LL6,6,7/3/2016,CEC0703M1,NW1,D,N,N,10,0,0,1,OPF,BOM,none,no,none,no,0,snag,19,moderate
LL6,6,7/3/2016,CEC0703M1,NW2,D,N,Y,11.5,2,50,3,OPF,BOM,none,no,none,no,0,snag,19,moderate
LL6,6,7/3/2016,CEC0703M1,SE3,D,N ,Y,8.5,1.5,7,2,OPF,BOM,none,no,none,no,0,snag,19,moderate
LL6,6,7/3/2016,CEC0703M1,SE6,D,Y,Y,11.5,1.5,5,2,MPB,BOM,none,no,none,no,0,snag,19,moderate
LL6,6,7/3/2016,CEC0703M1,SW1,D,N,N,11,1,5,2,OPF,BOM,none,no,none,no,0,snag,19,moderate
LL6,6,7/3/2016,CEC0703M1,SW4,D,O,Y,15,1,100,2,OPF,BOM,none,no,none,no,0,snag,19,moderate
LL6,6,7/3/2016,CEC0703M1,SE2,D,O,Y,11.5,1.5,5,1,FIRE,FIRE,partial,yes,none,no,0,snag,19,moderate
LL6,6,7/3/2016,CEC0703M1,NE1,D,Y,Y,14.5,1,2,2,MPB,BOM,full,yes,open,yes,60,snag,19,moderate
LL6,6,7/3/2016,CEC0703M1,NE2,D,Y,Y,13.5,4.5,10,2,MPB,BOM,full,yes,open,yes,50,snag,19,moderate
LL6,6,7/3/2016,CEC0703M1,SE1,D,O,Y,8.5,1,5,2,OPF,BOM,full,yes,open,yes,50,snag,19,moderate
LL6,6,7/3/2016,CEC0703M1,SE5,D,O,Y,12.5,0.1,1,1,FIRE,FIRE,full,yes,open,yes,,snag,19,moderate
HH7,7,7/5/2016,CEC0705H1,NE1,D,N,N,11.5,5,100,3,OPF,BOM,none,no,none,no,0,snag,27.4,moderate
HH7,7,7/5/2016,CEC0705H1,NE2,D,Y,Y,23.5,11,100,3,MPB,BOM,none,no,none,no,0,snag,27.4,moderate
HH7,7,7/5/2016,CEC0705H1,NW1,D,Y,Y,23,16,100,3,MPB,BOM,none,no,none,no,0,snag,27.4,moderate
HH7,7,7/5/2016,CEC0705H1,NW2,D,Y,Y,26,16,100,3,MPB,BOM,none,no,none,no,0,snag,27.4,moderate
HH7,7,7/5/2016,CEC0705H1,SE2,D,Y,Y,24.5,11,100,3,MPB,BOM,none,no,none,no,0,snag,27.4,moderate
HH7,7,7/5/2016,CEC0705H1,SW1,D,Y,Y,26,16,100,3,MPB,BOM,none,no,none,no,0,snag,27.4,moderate
MH8,8,7/5/2016,CEC0705H2,NE1,D,Y,Y,16,12,100,3,MPB,BOM,none,no,none,no,0,snag,25.9,moderate
MH8,8,7/5/2016,CEC0705H2,NE2,D,Y,Y,11.5,14,100,3,MPB,BOM,none,no,none,no,0,snag,25.9,moderate
MH8,8,7/5/2016,CEC0705H2,NE3,D,O,Y,8.5,5.5,100,3,OPF,BOM,none,no,none,no,0,snag,25.9,moderate
MH8,8,7/5/2016,CEC0705H2,NE4,D,N,Y,10,10,100,3,OPF,BOM,none,no,none,no,0,snag,25.9,moderate
MH8,8,7/5/2016,CEC0705H2,NW1,D,Y,Y,21,16,100,3,MPB,BOM,none,no,none,no,0,snag,25.9,moderate
MH8,8,7/5/2016,CEC0705H2,NW2,D,Y,Y,14,15,100,3,MPB,BOM,none,no,none,no,0,snag,25.9,moderate
MH8,8,7/5/2016,CEC0705H2,NW3,D,N,N,12,12,100,3,OPF,BOM,none,no,none,no,0,snag,25.9,moderate
MH8,8,7/5/2016,CEC0705H2,NW4,D,N,Y,9.5,9,100,3,OPF,BOM,none,no,none,no,0,snag,25.9,moderate
MH8,8,7/5/2016,CEC0705H2,SE1,D,N,N,12.5,15,100,3,OPF,BOM,none,no,none,no,0,snag,25.9,moderate
MH8,8,7/5/2016,CEC0705H2,SW1,D,Y,Y,18,16,100,3,MPB,BOM,none,no,none,no,0,snag,25.9,moderate
MH8,8,7/5/2016,CEC0705H2,SW2,D,N,N,12,12,100,3,OPF,BOM,none,no,none,no,0,snag,25.9,moderate
LH09,9,7/5/2016,CEC0705H3,NE1,D,N,N,12.5,10,100,3,OPF,BOM,none,no,none,no,0,snag,25.9,moderate
LH09,9,7/5/2016,CEC0705H3,NE2,D,Y,N,17.5,15,100,3,MPB,BOM,none,no,none,no,0,snag,25.9,moderate
LH09,9,7/5/2016,CEC0705H3,NE3,D,O,N,12.5,15,100,3,OPF,BOM,none,no,none,no,0,snag,25.9,moderate
LH09,9,7/5/2016,CEC0705H3,NW1,D,N,N,15.5,12,100,3,OPF,BOM,none,no,none,no,0,snag,25.9,moderate
LH09,9,7/5/2016,CEC0705H3,NW2,D,Y,N,22.5,12,100,3,MPB,BOM,none,no,none,no,0,snag,25.9,moderate
LH09,9,7/5/2016,CEC0705H3,NW3,D,N,N,13.5,9,100,3,OPF,BOM,none,no,none,no,0,snag,25.9,moderate
LH09,9,7/5/2016,CEC0705H3,SE1,D,N,Y,10.5,10.5,100,3,OPF,BOM,none,no,none,no,0,snag,25.9,moderate
LH09,9,7/5/2016,CEC0705H3,SE2,D,N,Y,11.5,10.5,100,3,OPF,BOM,none,no,none,no,0,snag,25.9,moderate
LH09,9,7/5/2016,CEC0705H3,SE3,D,N,N,11,10,100,3,OPF,BOM,none,no,none,no,0,snag,25.9,moderate
LH09,9,7/5/2016,CEC0705H3,SE4,D,N,N,16.5,12.5,100,3,OPF,BOM,none,no,none,no,0,snag,25.9,moderate
LH09,9,7/5/2016,CEC0705H3,SE5,D,N,N,15,16,100,3,OPF,BOM,none,no,none,no,0,snag,25.9,moderate
LH09,9,7/5/2016,CEC0705H3,SE6,D,N,N,7.5,7,100,3,OPF,BOM,none,no,none,no,0,snag,25.9,moderate
LH09,9,7/5/2016,CEC0705H3,SW1,D,N,N,12,10,100,3,OPF,BOM,none,no,none,no,0,snag,25.9,moderate
LH09,9,7/5/2016,CEC0705H3,SW2,D,N,N,11,10,100,3,OPF,BOM,none,no,none,no,0,snag,25.9,moderate
LH10,10,7/5/2016,CEC0705H4,NW2,D,N,N,9.5,10,60,1,FIRE,FIRE,partial,yes,both,yes,150,snag,25.9,moderate
LH10,10,7/5/2016,CEC0705H4,SW3,D,N,N,9,6,0,1,FIRE,FIRE,partial,yes,both,yes,20,snag,25.9,moderate
LH10,10,7/5/2016,CEC0705H4,NE1,D,N,N,8.5,4.5,100,3,OPF,UPF,none,no,none,no,0,snag,25.9,moderate
LH10,10,7/5/2016,CEC0705H4,NE2,D,N,N,10,5,100,2,OPF,UPF,none,no,none,no,0,snag,25.9,moderate
LH10,10,7/5/2016,CEC0705H4,NW1,D,N,N,7.5,7,100,3,OPF,UPF,none,no,none,no,0,snag,25.9,moderate
LH10,10,7/5/2016,CEC0705H4,NW3,D,N,N,8.5,4,100,3,OPF,UPF,none,no,none,no,0,snag,25.9,moderate
LH10,10,7/5/2016,CEC0705H4,SE1,D,N,N,12.5,10,100,3,OPF,UPF,none,no,none,no,0,snag,25.9,moderate
LH10,10,7/5/2016,CEC0705H4,SE2,D,N,N,11,10.5,100,3,OPF,UPF,none,no,none,no,0,snag,25.9,moderate
LH10,10,7/5/2016,CEC0705H4,SW1,D,N,N,9.5,5,100,3,OPF,UPF,none,no,none,no,0,snag,25.9,moderate
LH10,10,7/5/2016,CEC0705H4,SW2,D,N,N,21.5,12,100,3,OPF,UPF,none,no,none,no,0,snag,25.9,moderate
LH10,10,7/5/2016,CEC0705H4,SW4,D,N,N,16,10,100,3,OPF,UPF,none,no,none,no,0,snag,25.9,moderate
LH11,11,7/5/2016,CEC0705H5,NE1,D,N,Y,24,15,100,3,OPF,BOM,none,no,none,no,0,snag,25.9,moderate
LH11,11,7/5/2016,CEC0705H5,NW1,D,N,N,20,16,100,3,OPF,BOM,none,no,none,no,0,snag,25.9,moderate
LH11,11,7/5/2016,CEC0705H5,NW2,D,O,N,25.5,16,100,3,OPF,BOM,none,no,none,no,0,snag,25.9,moderate
LH11,11,7/5/2016,CEC0705H5,SE1,D,Y,N,13,6,100,3,MPB,BOM,none,no,none,no,0,snag,25.9,moderate
LH11,11,7/5/2016,CEC0705H5,SE2,D,Y,Y,23.5,14,100,3,MPB,BOM,none,no,none,no,0,snag,25.9,moderate
LH11,11,7/5/2016,CEC0705H5,SW1,D,N,N,20,16,100,3,OPF,BOM,none,no,none,no,0,snag,25.9,moderate
LL12,12,7/6/2016,CEC0706L1,NW5,D,O,Y,10.5,0.1,0.5,1,FIRE,FIRE,full,yes,both,yes,50,snag,27.4,moderate
LL12,12,7/6/2016,CEC0706L1,SE2,D,O,Y,7.5,2,7,2,OPF,BOM,full,yes,both,yes,5,snag,27.4,moderate
LL12,12,7/6/2016,CEC0706L1,NE2,D,Y,Y,16.5,0,0,1,MPB,BOM,full,yes,closed,no,150,snag,27.4,moderate
LL12,12,7/6/2016,CEC0706L1,NW4,D,O,Y,15,0.1,0.5,1,FIRE,FIRE,full,yes,closed,no,300,snag,27.4,moderate
LL12,12,7/6/2016,CEC0706L1,SW4,D,O,Y,9,2,10,1,FIRE,FIRE,full,yes,closed,no,15,snag,27.4,moderate
LL12,12,7/6/2016,CEC0706L1,SW6,D,O,Y,13,0.5,2,1,FIRE,FIRE,full,yes,closed,no,100,snag,27.4,moderate
LL12,12,7/6/2016,CEC0706L1,SW7,D,O,Y,14,1,4,1,FIRE,FIRE,full,yes,closed,no,100,snag,27.4,moderate
LL12,12,7/6/2016,CEC0706L1,NW1,L,live,live,12,0.1,0,1,live,live,full,yes,closed,no,100,snag,27.4,moderate
LL12,12,7/6/2016,CEC0706L1,SW2,D,Y,Y,15,10,50,2,MPB,BOM,partial,yes,closed,no,150,snag,27.4,moderate
LL12,12,7/6/2016,CEC0706L1,SW5,D,O,Y,12,2,10,2,FIRE,FIRE,partial,yes,closed,no,50,snag,27.4,moderate
LL12,12,7/6/2016,CEC0706L1,NW2,D,N,N,9.5,0.1,0.5,1,FIRE,FIRE,full,yes,none,no,0,snag,27.4,moderate
LL12,12,7/6/2016,CEC0706L1,SW1,D,O,Y,10.5,1.5,5,1,FIRE,FIRE,full,yes,none,no,0,snag,27.4,moderate
LL12,12,7/6/2016,CEC0706L1,NE3,D,N,Y,9,0.1,3,2,OPF,BOM,none,no,none,no,0,snag,27.4,moderate
LL12,12,7/6/2016,CEC0706L1,NW3,D,O,Y,15.5,0.1,1,2,OPF,BOM,partial,yes,none,no,0,snag,27.4,moderate
LL12,12,7/6/2016,CEC0706L1,SE1,D,O,Y,12.5,2.5,10,2,OPF,BOM,partial,yes,none,no,0,snag,27.4,moderate
LL12,12,7/6/2016,CEC0706L1,NE1,D,Y,Y,17.5,0.1,1,2,MPB,BOM,full,yes,open,yes,110,snag,27.4,moderate
LL12,12,7/6/2016,CEC0706L1,SE3,D,O,Y,11.5,2.5,5,2,OPF,BOM,full,yes,open,yes,20,snag,27.4,moderate
LL12,12,7/6/2016,CEC0706L1,SW3,D,O,N,10.5,2,10,2,OPF,BOM,partial,yes,open,yes,10,snag,27.4,moderate
ML13,13,7/6/2016,CEC0706L2,NE1,D,Y,Y,18,0.5,2,2,MPB,BOM,full,yes,closed,no,30,snag,27.4,moderate
ML13,13,7/6/2016,CEC0706L2,NE2,D,Y,Y,9,0.1,1,2,MPB,BOM,full,yes,closed,no,2,snag,27.4,moderate
ML13,13,7/6/2016,CEC0706L2,NE4,D,N,Y,8.5,2,12,1,FIRE,FIRE,full,yes,closed,no,100,snag,27.4,moderate
ML13,13,7/6/2016,CEC0706L2,NE5,D,Y,Y,15.5,1,1,2,MPB,BOM,full,yes,closed,no,100,snag,27.4,moderate
ML13,13,7/6/2016,CEC0706L2,NW1,D,Y,Y,16.5,1.5,5,2,MPB,BOM,full,yes,closed,no,500,snag,27.4,moderate
ML13,13,7/6/2016,CEC0706L2,NW2,D,Y,Y,20.5,2,5,2,MPB,BOM,full,yes,closed,no,200,snag,27.4,moderate
ML13,13,7/6/2016,CEC0706L2,SE1,D,O,Y,8,0.1,1,1,FIRE,FIRE,full,yes,closed,no,100,snag,27.4,moderate
ML13,13,7/6/2016,CEC0706L2,SE3,D,Y,Y,18.5,1,4,2,MPB,BOM,full,yes,closed,no,30,snag,27.4,moderate
ML13,13,7/6/2016,CEC0706L2,SE4 ,D,O,Y,11,1,10,1,FIRE,FIRE,full,yes,closed,no,45,snag,27.4,moderate
ML13,13,7/6/2016,CEC0706L2,NE3,L,live,live,10.5,1,7,1,live,live,full,yes,closed,no,50,snag,27.4,moderate
ML13,13,7/6/2016,CEC0706L2,SW4,L,live,live,14.5,0.1,0.5,1,live,live,full,yes,closed,no,300,snag,27.4,moderate
ML13,13,7/6/2016,CEC0706L2,SE2,D,O,Y,13,0.1,2,2,OPF,BOM,partial,yes,closed,no,100,snag,27.4,moderate
ML13,13,7/6/2016,CEC0706L2,SW1,D,Y,Y,20.5,0,0,1,MPB,BOM,partial,yes,closed,no,300,snag,27.4,moderate
ML13,13,7/6/2016,CEC0706L2,SW2,D,Y,Y,14.5,0.5,3,2,MPB,BOM,partial,yes,closed,no,200,snag,27.4,moderate
ML13,13,7/6/2016,CEC0706L2,SW3,D,O,N,10.5,0.1,0.5,2,OPF,BOM,partial,yes,closed,no,10,snag,27.4,moderate
ML13,13,7/6/2016,CEC0706L2,NEA,D,O,Y,12,1,2,1,FIRE,FIRE,full,yes,open,yes,2,snag,27.4,moderate
ML13,13,7/6/2016,CEC0706L2,SE5,D,Y,Y,21.5,1,3,2,MPB,BOM,full,yes,open,yes,300,snag,27.4,moderate
ML13,13,7/6/2016,CEC0706L2,SW5,D,O,N,11,0.1,0.5,2,OPF,BOM,partial,yes,open,yes,20,snag,27.4,moderate
ML14,14,7/6/2016,CEC0706L3,NE1,D,Y,Y,25,3,15,2,MPB,BOM,full,yes,both,yes,40,snag,27.4,moderate
ML14,14,7/6/2016,CEC0706L3,NE2,L,live,live,12.5,0.1,1,1,live,live,full,yes,both,yes,60,live,27.4,moderate
ML14,14,7/6/2016,CEC0706L3,NW1,D,O,Y,20.5,1,7,1,FIRE,FIRE,full,yes,both,yes,100,snag,27.4,moderate
ML14,14,7/6/2016,CEC0706L3,SE2,D,Y,Y,23.5,3,10,2,MPB,BOM,full,yes,both,yes,100,snag,27.4,moderate
ML14,14,7/6/2016,CEC0706L3,SE1,D,O,Y,12.5,1,10,2,OPF,BOM,partial,yes,both,yes,140,snag,27.4,moderate
ML14,14,7/6/2016,CEC0706L3,NW3,D,Y,Y,25.5,3,15,2,MPB,BOM,full,yes,closed,no,200,snag,27.4,moderate
ML14,14,7/6/2016,CEC0706L3,NW2,D,Y,Y,23,3,15,2,MPB,BOM,partial,yes,closed,no,100,snag,27.4,moderate
ML14,14,7/6/2016,CEC0706L3,NW4,D,O,Y,13.5,2,10,1,FIRE,FIRE,full,yes,open,yes,20,snag,27.4,moderate
ML14,14,7/6/2016,CEC0706L3,NW5,D,Y,Y,20,4,20,2,MPB,BOM,full,yes,open,yes,150,snag,27.4,moderate
ML14,14,7/6/2016,CEC0706L3,SE3,D,Y,Y,23,4,25,2,MPB,BOM,full,yes,open,yes,130,snag,27.4,moderate
HM15,15,7/7/2016,EF0707M1,NE1,D,Y,Y,14.5,6,45,2,MPB,BOM,none,no,none,no,0,cwd,16.4,moderate
HM15,15,7/7/2016,EF0707M1,NW1,D,Y,Y,13,6,20,2,MPB,BOM,none,no,none,no,0,cwd,16.4,moderate
HM15,15,7/7/2016,EF0707M1,SE3,D,Y,Y,24.5,18.5,65,2,MPB,BOM,none,no,none,no,0,cwd,16.4,moderate
MH16,16,7/7/2016,EF0707H2,NE1,D,Y,Y,24.5,12,100,4,MPB,BOM,none,no,none,no,0,snag,22.9,moderate
MH16,16,7/7/2016,EF0707H2,NE2,D,N,N,11,8,100,4,OPF,BOM,none,no,none,no,0,snag,22.9,moderate
MH16,16,7/7/2016,EF0707H2,SE1,D,Y,Y,17,11,98,3,MPB,BOM,none,no,none,no,0,snag,22.9,moderate
MH16,16,7/7/2016,EF0707H2,SE2,D,Y,N,20.5,11,100,3,MPB,BOM,none,no,none,no,0,snag,22.9,moderate
MH16,16,7/7/2016,EF0707H2,SW1,D,N,N,19.5,10,100,3,OPF,BOM,none,no,none,no,0,snag,22.9,moderate
MH16,16,7/7/2016,EF0707H2,SW2,D,N,Y,18.5,10,75,1,FIRE,FIRE,full,yes,open,yes,350,snag,22.9,moderate
MM17,17,7/7/2016,EF0707H1,NE1,D,N,Y,8,6,40,2,OPF,BOM,none,no,none,no,0,snag,22.9,moderate
MM17,17,7/7/2016,EF0707H1,NE2,D,Y,N,10,10.5,100,3,MPB,BOM,none,no,none,no,0,snag,22.9,moderate
MM17,17,7/7/2016,EF0707H1,NE3,D,N,Y,10.5,12.5,100,2,OPF,BOM,none,no,none,no,0,snag,22.9,moderate
MM17,17,7/7/2016,EF0707H1,NE4,D,N,N,10,11,100,3,OPF,BOM,none,no,none,no,0,snag,22.9,moderate
MM17,17,7/7/2016,EF0707H1,NE5,D,Y,Y,13,15,95,2,MPB,BOM,none,no,none,no,0,snag,22.9,moderate
MM17,17,7/7/2016,EF0707H1,NE7,D,Y,Y,16,13,100,2,MPB,BOM,none,no,none,no,0,snag,22.9,moderate
MM17,17,7/7/2016,EF0707H1,NE8,D,O,N,10.5,11,100,2,OPF,BOM,none,no,none,no,0,snag,22.9,moderate
MM17,17,7/7/2016,EF0707H1,SE4,D,N,Y,10,10,85,3,OPF,BOM,none,no,none,no,0,snag,22.9,moderate
MM17,17,7/7/2016,EF0707H1,SE5,D,N,N,10.5,10,98,3,OPF,BOM,none,no,none,no,0,snag,22.9,moderate
MM17,17,7/7/2016,EF0707H1,SE6,D,N,N,11,13,100,3,OPF,BOM,none,no,none,no,0,snag,22.9,moderate
MM17,17,7/7/2016,EF0707H1,SE7,D,Y,N,9,11,96,3,MPB,BOM,none,no,none,no,0,snag,22.9,moderate
MM17,17,7/7/2016,EF0707H1,SE1,D,Y,N,13.5,12,75,3,MPB,BOM,partial,yes,none,no,0,snag,22.9,moderate
MM17,17,7/7/2016,EF0707H1,SE3,D,Y,N,7.5,9,70,2,MPB,BOM,partial,yes,none,no,0,snag,22.9,moderate
MM17,17,7/7/2016,EF0707H1,NE6,D,N,Y,10.5,12,97,3,OPF,BOM,full,yes,open,yes,70,snag,22.9,moderate
MM17,17,7/7/2016,EF0707H1,SW1,D,N,N,12.5,4,30,1,FIRE,FIRE,full,yes,open,yes,300,snag,22.9,moderate
MM17,17,7/7/2016,EF0707H1,SW2,D,N,N,11.5,4,30,1,FIRE,FIRE,full,yes,open,yes,2,snag,22.9,moderate
MM17,17,7/7/2016,EF0707H1,SW3,D,Y,Y,13.5,12,70,2,MPB,BOM,full,yes,open,yes,400,snag,22.9,moderate
MM17,17,7/7/2016,EF0707H1,SW4,D,O,Y,8,8,40,2,OPF,BOM,full,yes,open,yes,30,snag,22.9,moderate
MM17,17,7/7/2016,EF0707H1,SW5,D,Y,Y,14.5,8,50,2,MPB,BOM,full,yes,open,yes,10,snag,22.9,moderate
MM17,17,7/7/2016,EF0707H1,NW1,D,N,N,13,10,50,1,OPF,BOM,partial,yes,open,yes,100,snag,22.9,moderate
MM17,17,7/7/2016,EF0707H1,NW2,D,Y,Y,13.5,10,50,1,MPB,BOM,partial,yes,open,yes,300,snag,22.9,moderate
MM17,17,7/7/2016,EF0707H1,NW3,D,Y,Y,22.5,8,40,1,MPB,BOM,partial,yes,open,yes,120,snag,22.9,moderate
MM17,17,7/7/2016,EF0707H1,NW4,D,Y,Y,18.5,8,40,1,MPB,BOM,partial,yes,open,yes,100,snag,22.9,moderate
MM17,17,7/7/2016,EF0707H1,SE2,D,N,Y,9.5,3.5,40,1,FIRE,FIRE,partial,yes,open,yes,200,snag,22.9,moderate
HL18,18,7/9/2016,CEC0709L1,NE2,D,Y,Y,14.5,0.5,1,2,MPB,BOM,full,yes,closed,no,130,snag,27.4,moderate
HL18,18,7/9/2016,CEC0709L1,NE4,D,Y,Y,16,2.5,12,2,MPB,BOM,full,yes,closed,no,80,snag,27.4,moderate
HL18,18,7/9/2016,CEC0709L1,NW1,D,Y,Y,18,0,0,1,MPB,BOM,full,yes,closed,no,300,snag,27.4,moderate
HL18,18,7/9/2016,CEC0709L1,SE2,D,Y,Y,18.5,0.5,1,1,MPB,BOM,full,yes,closed,no,30,snag,27.4,moderate
HL18,18,7/9/2016,CEC0709L1,SE6,D,Y,Y,22,0,0,1,MPB,BOM,full,yes,closed,no,400,snag,27.4,moderate
HL18,18,7/9/2016,CEC0709L1,NW3,L,live,live,12,0.5,1,1,live,live,full,yes,closed,no,5,snag,27.4,moderate
HL18,18,7/9/2016,CEC0709L1,NW2,D,Y,Y,20,0.1,0.5,2,MPB,BOM,partial,yes,closed,no,150,snag,27.4,moderate
HL18,18,7/9/2016,CEC0709L1,SE4,D,Y,Y,12,0.1,0.5,2,MPB,BOM,partial,yes,closed,no,2,snag,27.4,moderate
HL18,18,7/9/2016,CEC0709L1,SE5,D,Y,Y,21,1.5,3,2,MPB,BOM,partial,yes,closed,no,30,snag,27.4,moderate
HL18,18,7/9/2016,CEC0709L1,SW1,D,Y,Y,23.5,1,5,2,MPB,BOM,partial,yes,closed,no,100,snag,27.4,moderate
HL18,18,7/9/2016,CEC0709L1,NE3,D,O,Y,10,0,0,1,UNK,BOM,full,yes,none,no,0,snag,27.4,moderate
HL18,18,7/9/2016,CEC0709L1,SE3,D,O,Y,11.5,0.1,0.5,1,OPF,BOM,none,no,none,no,0,snag,27.4,moderate
HL18,18,7/9/2016,CEC0709L1,SE1,D,Y,Y,17.5,1,3,2,MPB,BOM,full,yes,open,yes,70,snag,27.4,moderate
HL18,18,7/9/2016,CEC0709L1,NE1,D,O,Y,18.5,1,5,2,OPF,BOM,partial,yes,open,yes,40,snag,27.4,moderate
MM19,19,7/9/2016,CEC0709M1,NE5,D,O,Y,12.5,1.5,3,2,OPF,BOM,full,yes,closed,no,3,snag,27.4,moderate
MM19,19,7/9/2016,CEC0709M1,NE6,D,O,Y,13.5,10,98,2,OPF,BOM,full,yes,closed,no,30,snag,27.4,moderate
MM19,19,7/9/2016,CEC0709M1,NW4,D,N,N,14,0.5,3,1,FIRE,FIRE,full,yes,closed,no,200,snag,27.4,moderate
MM19,19,7/9/2016,CEC0709M1,NE1,D,O,Y,10.5,14,95,2,OPF,BOM,partial,yes,closed,no,10,snag,27.4,moderate
MM19,19,7/9/2016,CEC0709M1,SW4,D,O,Y,16.5,2,10,2,OPF,BOM,partial,yes,closed,no,200,snag,27.4,moderate
MM19,19,7/9/2016,CEC0709M1,SE2,D,O,Y,14.5,8,100,2,OPF,BOM,none,no,none,no,0,snag,27.4,moderate
MM19,19,7/9/2016,CEC0709M1,SW3,D,Y,Y,17.5,5,20,2,MPB,BOM,none,no,none,no,0,snag,27.4,moderate
MM19,19,7/9/2016,CEC0709M1,SE1,D,O,Y,10.5,5,60,2,OPF,BOM,partial,yes,none,no,0,snag,27.4,moderate
MM19,19,7/9/2016,CEC0709M1,NE2,D,O,Y,19,11,90,2,OPF,BOM,full,yes,open,yes,100,snag,27.4,moderate
MM19,19,7/9/2016,CEC0709M1,NE3,D,O,Y,17,1,3,1,FIRE,FIRE,full,yes,open,yes,140,snag,27.4,moderate
MM19,19,7/9/2016,CEC0709M1,NE4,D,Y,Y,18,12,97,2,MPB,BOM,full,yes,open,yes,140,snag,27.4,moderate
MM19,19,7/9/2016,CEC0709M1,NW2,D,Y,Y,17,0.5,3,2,MPB,BOM,full,yes,open,yes,300,snag,27.4,moderate
MM19,19,7/9/2016,CEC0709M1,NW3,D,Y,Y,19.5,2,10,2,MPB,BOM,full,yes,open,yes,200,snag,27.4,moderate
MM19,19,7/9/2016,CEC0709M1,SEA,D,O,Y,20,2,10,1,FIRE,FIRE,full,yes,open,yes,400,snag,27.4,moderate
MM19,19,7/9/2016,CEC0709M1,SW1,D,Y,Y,21.5,4,20,2,MPB,BOM,full,yes,open,yes,300,snag,27.4,moderate
MM19,19,7/9/2016,CEC0709M1,SW2,D,Y,Y,17,4,20,2,MPB,BOM,full,yes,open,yes,35,snag,27.4,moderate
MM19,19,7/9/2016,CEC0709M1,NW1,D,O,Y,13,2,10,2,OPF,BOM,partial,yes,open,yes,5,snag,27.4,moderate
MM19,19,7/9/2016,CEC0709M1,SE3,D,Y,Y,20.5,11,100,2,MPB,BOM,partial,yes,open,yes,15,snag,27.4,moderate
MM20,20,7/10/2016,EF0710M1,SW1,D,Y,Y,21.5,6,40,2,MPB,BOM,partial,yes,closed,no,100,snag,35.5,extreme
MM20,20,7/10/2016,EF0710M1,NE2,D,NC,N,13.5,16,100,4,OPF,BOM,none,no,none,no,0,snag,35.5,extreme
LH21,21,7/10/2016,EF0710H2,NE1,D,N,N,14.5,10,100,3,OPF,UPF,none,no,none,no,0,snag,35.5,extreme
LH21,21,7/10/2016,EF0710H2,NE2,D,N,Y,14,10,100,3,OPF,UPF,none,no,none,no,0,snag,35.5,extreme
LH21,21,7/10/2016,EF0710H2,NE4,D,N,Y,14,13,100,3,FIRE,FIRE,none,no,none,no,0,snag,35.5,extreme
LH21,21,7/10/2016,EF0710H2,NW1,D,N,N,14.5,10,100,3,OPF,UPF,none,no,none,no,0,snag,35.5,extreme
LH21,21,7/10/2016,EF0710H2,NW2,D,N,N,13.5,10,100,3,OPF,UPF,none,no,none,no,0,snag,35.5,extreme
LH21,21,7/10/2016,EF0710H2,SE1,D,N,N,14,10,100,3,FIRE,FIRE,none,no,none,no,0,snag,35.5,extreme
LH21,21,7/10/2016,EF0710H2,SE2,D,N,N,21.5,11,100,3,FIRE,FIRE,none,no,none,no,0,snag,35.5,extreme
LH21,21,7/10/2016,EF0710H2,NE3,D,N,N,14.5,9.5,85,1,FIRE,FIRE,partial,yes,open,yes,200,snag,35.5,extreme
LH22,22,7/10/2016,EF0710H1,NW5,D,N,N,10.5,12,100,1,FIRE,FIRE,full,yes,closed,no,50,snag,35.5,extreme
LH22,22,7/10/2016,EF0710H1,SW3,D,N,N,13.5,12,100,1,FIRE,FIRE,full,yes,closed,no,500,snag,35.5,extreme
LH22,22,7/10/2016,EF0710H1,NW1,D,N,N,14,12,100,3,OPF,UPF,none,no,none,no,0,snag,35.5,extreme
LH22,22,7/10/2016,EF0710H1,NW2,D,N,N,14.5,8,100,3,OPF,UPF,none,no,none,no,0,snag,35.5,extreme
LH22,22,7/10/2016,EF0710H1,NW3,D,N,N,13.5,8,100,3,OPF,UPF,none,no,none,no,0,snag,35.5,extreme
LH22,22,7/10/2016,EF0710H1,NW4,D,N,N,12.5,6,100,3,OPF,UPF,none,no,none,no,0,snag,35.5,extreme
LH22,22,7/10/2016,EF0710H1,NW6,D,N,N,10.5,8,100,3,OPF,UPF,none,no,none,no,0,snag,35.5,extreme
LH22,22,7/10/2016,EF0710H1,SE1,D,N,N,8.5,6.5,100,3,OPF,UPF,none,no,none,no,0,snag,35.5,extreme
LH22,22,7/10/2016,EF0710H1,SW1,D,N,N,8.5,8,100,3,OPF,UPF,none,no,none,no,0,snag,35.5,extreme
LH22,22,7/10/2016,EF0710H1,SW2,D,N,N,9.5,8,100,2,OPF,UPF,none,no,none,no,0,snag,35.5,extreme
ML23,23,7/11/2016,EF0711L1,SEA,D,O,Y,22,0,0,1,OPF,BOM,full,yes,both,yes,300,snag,29.6,extreme
ML23,23,7/11/2016,EF0711L1,NE4,D,O,Y,17.5,0.1,0.5,1,OPF,BOM,full,yes,closed,no,45,snag,29.6,extreme
ML23,23,7/11/2016,EF0711L1,SE2,L,live,live,14,0.1,1,1,live,live,full,yes,open,yes,150,snag,29.6,extreme
ML23,23,7/11/2016,EF0711L1,NW4,D,Y,Y,20,0.5,5,1,MPB,BOM,full,yes,both,yes,7,snag,29.6,extreme
ML23,23,7/11/2016,EF0711L1,NE2,D,O,Y,11.5,0.5,2,1,OPF,BOM,full,yes,closed,no,8,snag,29.6,extreme
ML23,23,7/11/2016,EF0711L1,NW3,D,Y,Y,27.5,1.5,7,2,MPB,BOM,full,yes,closed,no,500,snag,29.6,extreme
ML23,23,7/11/2016,EF0711L1,SE3,D,O,Y,14.5,0.1,1,1,OPF,BOM,full,yes,closed,no,130,snag,29.6,extreme
ML23,23,7/11/2016,EF0711L1,NE1,D,Y,Y,19,1,5,2,MPB,BOM,partial,yes,closed,no,110,snag,29.6,extreme
ML23,23,7/11/2016,EF0711L1,NE3,D,O,Y,12.5,0.1,0.5,1,OPF,BOM,partial,yes,closed,no,100,snag,29.6,extreme
ML23,23,7/11/2016,EF0711L1,SE1,D,O,Y,19.5,0.5,4,2,OPF,BOM,partial,yes,closed,no,80,snag,29.6,extreme
ML23,23,7/11/2016,EF0711L1,NW1,D,Y,Y,17,0.1,0.5,1,MPB,BOM,partial,yes,none,no,0,snag,29.6,extreme
ML23,23,7/11/2016,EF0711L1,NW2,D,O,Y,14.5,0.5,2,2,OPF,BOM,partial,yes,none,no,0,snag,29.6,extreme
ML23,23,7/11/2016,EF0711L1,SEB,D,Y,Y,18,2,2,2,MPB,BOM,full,yes,open,yes,400,snag,29.6,extreme
HL24,24,7/11/2016,EF0711L2,NE4,D,Y,Y,20.5,0,0,1,MPB,BOM,full,yes,both,yes,400,snag,29.6,extreme
HL24,24,7/11/2016,EF0711L2,SW4,D,N,N,15.5,0.1,0.5,1,FIRE,FIRE,full,yes,both,yes,5,snag,29.6,extreme
HL24,24,7/11/2016,EF0711L2,NE1,D,Y,Y,15,0,0,1,MPB,BOM,partial,yes,both,yes,140,snag,29.6,extreme
HL24,24,7/11/2016,EF0711L2,NE5,D,O,Y,18.5,5,55,2,OPF,BOM,full,yes,closed,no,120,snag,29.6,extreme
HL24,24,7/11/2016,EF0711L2,NW2,D,N,N,12.5,2,5,1,FIRE,FIRE,full,yes,closed,no,100,snag,29.6,extreme
HL24,24,7/11/2016,EF0711L2,SW3,D,Y,Y,20.5,2,5,2,MPB,BOM,full,yes,closed,no,300,snag,29.6,extreme
HL24,24,7/11/2016,EF0711L2,NW1,D,Y,Y,19.5,2,10,2,MPB,BOM,partial,yes,closed,no,250,snag,29.6,extreme
HL24,24,7/11/2016,EF0711L2,SW1,D,Y,Y,31.5,1.5,5,2,MPB,BOM,partial,yes,closed,no,1000,snag,29.6,extreme
HL24,24,7/11/2016,EF0711L2,SE1,D,Y,Y,25,0.1,0.5,1,MPB,BOM,full,yes,open,yes,220,snag,29.6,extreme
HL24,24,7/11/2016,EF0711L2,NE2,D,Y,Y,13.5,0.1,0.5,1,MPB,BOM,partial,yes,open,yes,8,snag,29.6,extreme
HL24,24,7/11/2016,EF0711L2,NE3,D,Y,Y,14.5,0.1,0.5,1,MPB,BOM,partial,yes,open,yes,20,snag,29.6,extreme
HL24,24,7/11/2016,EF0711L2,SW2,D,Y,Y,15.5,0.5,2,2,MPB,BOM,partial,yes,open,yes,60,snag,29.6,extreme
LH25,25,7/12/2016,EF0712H1,NE1,D,N,N,14.5,8.5,100,3,OPF,UPF,none,no,none,no,0,snag,22.9,moderate
LH25,25,7/12/2016,EF0712H1,NE2,D,N,N,13,13,90,4,OPF,UPF,none,no,none,no,0,cwd,22.9,moderate
LH25,25,7/12/2016,EF0712H1,NW1,D,N,N,9.5,2,100,3,OPF,UPF,none,no,none,no,0,snag,22.9,moderate
LH25,25,7/12/2016,EF0712H1,NW2,D,N,N,9,8,100,1,FIRE,FIRE,partial,yes,open,yes,5,snag,22.9,moderate
MH26,26,7/13/2016,EF0713H1,NE2,D,N,N,10.5,5.5,100,3,OPF,UPF,none,no,none,no,0,snag,36.1,extreme
MH26,26,7/13/2016,EF0713H1,NE3,D,N,Y,13.5,10,100,3,OPF,UPF,none,no,none,no,0,snag,36.1,extreme
MH26,26,7/13/2016,EF0713H1,NE4,D,N,N,11,2.5,50,3,OPF,UPF,none,no,none,no,0,snag,36.1,extreme
MH26,26,7/13/2016,EF0713H1,NE5,D,N,N,9,4.5,100,3,OPF,UPF,none,no,none,no,0,snag,36.1,extreme
MH26,26,7/13/2016,EF0713H1,NW1,D,N,N,9,4,100,3,OPF,UPF,none,no,none,no,0,snag,36.1,extreme
MH26,26,7/13/2016,EF0713H1,NW2,D,N,N,9.5,4,100,3,OPF,UPF,none,no,none,no,0,snag,36.1,extreme
MH26,26,7/13/2016,EF0713H1,NW3,D,N,N,9,3,100,3,OPF,UPF,none,no,none,no,0,snag,36.1,extreme
MH26,26,7/13/2016,EF0713H1,NW5,D,N,N,9.5,4,100,1,FIRE,FIRE,none,no,none,no,0,snag,36.1,extreme
MH26,26,7/13/2016,EF0713H1,NW6,D,N,N,10.5,6,100,3,OPF,UPF,none,no,none,no,0,snag,36.1,extreme
MH26,26,7/13/2016,EF0713H1,SE1,D,N,N,9,4.5,100,3,OPF,UPF,none,no,none,no,0,snag,36.1,extreme
MH26,26,7/13/2016,EF0713H1,SE2,D,N,N,16,7,100,3,OPF,UPF,none,no,none,no,0,snag,36.1,extreme
MH26,26,7/13/2016,EF0713H1,SE3,D,N,N,10,6,100,3,OPF,UPF,none,no,none,no,0,snag,36.1,extreme
MH26,26,7/13/2016,EF0713H1,SW3,D,N,N,14,8,100,3,OPF,UPF,none,no,none,no,0,snag,36.1,extreme
MH26,26,7/13/2016,EF0713H1,SW4,D,N,N,12,8,100,3,OPF,UPF,none,no,none,no,0,snag,36.1,extreme
MH26,26,7/13/2016,EF0713H1,NE1,D,N,Y,13.5,12,100,1,FIRE,FIRE,full,yes,open,yes,210,snag,36.1,extreme
MH26,26,7/13/2016,EF0713H1,SE4,D,O,Y,11.5,11,100,1,FIRE,FIRE,full,yes,open,yes,200,snag,36.1,extreme
MH26,26,7/13/2016,EF0713H1,SW1,D,N,N,13,14,100,1,FIRE,FIRE,full,yes,open,yes,50,snag,36.1,extreme
MH26,26,7/13/2016,EF0713H1,NW4,D,N,N,8.5,14,100,2,FIRE,FIRE,partial,yes,open,yes,40,snag,36.1,extreme
MH26,26,7/13/2016,EF0713H1,SW2,D,N,N,13,14,100,1,FIRE,FIRE,partial,yes,open,yes,200,snag,36.1,extreme
MM27,27,7/13/2016,EF0713M1,SE1,D,O,Y,14,4,7,2,OPF,BOM,none,no,none,no,0,cwd,36.1,extreme
MM27,27,7/13/2016,EF0713M1,SE4,D,Y,Y,18,2,3,2,MPB,BOM,none,no,none,no,0,cwd,36.1,extreme
MM27,27,7/13/2016,EF0713M1,NE1,D,Y,Y,21,18,65,3,MPB,BOM,partial,yes,none,no,0,cwd,36.1,extreme
MM27,27,7/13/2016,EF0713M1,NE2,D,O,Y,17,2,8,2,OPF,BOM,partial,yes,none,no,0,cwd,36.1,extreme
MM27,27,7/13/2016,EF0713M1,NE3,D,Y,Y,16,5.5,10,2,MPB,BOM,partial,yes,none,no,9,cwd,36.1,extreme
MM27,27,7/13/2016,EF0713M1,NW1,D,N,N,9,3,35,2,OPF,BOM,partial,yes,none,no,0,snag,36.1,extreme
MM27,27,7/13/2016,EF0713M1,SE2,D,Y,Y,19,2.5,10,2,MPB,BOM,partial,yes,none,no,35,cwd,36.1,extreme
MM27,27,7/13/2016,EF0713M1,NW2,D,Y,Y,20.5,12,50,2,MPB,BOM,partial,yes,open,yes,2,cwd,36.1,extreme
MM27,27,7/13/2016,EF0713M1,SW1,D,Y,Y,15,6,40,2,MPB,BOM,partial,yes,open,yes,300,snag,36.1,extreme
MM27,27,7/13/2016,EF0713M1,SW2,D,N,N,14,3,25,1,FIRE,FIRE,partial,yes,open,yes,200,snag,36.1,extreme
MM27,27,7/13/2016,EF0713M1,SW4,D,Y,Y,15,9,50,3,MPB,BOM,partial,yes,open,yes,20,cwd,36.1,extreme
ML28,28,7/13/2016,EF0713L1,NE1,D,O,Y,22,0.5,2,2,OPF,BOM,full,yes,both,yes,50,snag,29.6,extreme
ML28,28,7/13/2016,EF0713L1,NE3,D,O,Y,24.5,0.1,3,2,OPF,BOM,full,yes,both,yes,20,snag,29.6,extreme
ML28,28,7/13/2016,EF0713L1,NW1,D,Y,Y,18,1,5,2,MPB,BOM,full,yes,closed,no,100,snag,29.6,extreme
ML28,28,7/13/2016,EF0713L1,SE1,D,Y,Y,18,0.1,1,1,MPB,BOM,full,yes,closed,no,65,snag,29.6,extreme
ML28,28,7/13/2016,EF0713L1,NW6,L,live,live,15,0.1,0.5,1,live,live,full,yes,closed,no,5,snag,29.6,extreme
ML28,28,7/13/2016,EF0713L1,NW4,D,O,Y,18,0.1,0.5,1,OPF,BOM,partial,yes,closed,no,200,snag,29.6,extreme
ML28,28,7/13/2016,EF0713L1,SW3,D,N,N,12,2,5,2,OPF,BOM,none,no,none,no,0,snag,29.6,extreme
ML28,28,7/13/2016,EF0713L1,SW8,D,N,N,8,1,2,2,OPF,BOM,none,no,none,no,0,snag,29.6,extreme
ML28,28,7/13/2016,EF0713L1,NE2,D,O,Y,8.5,0.5,1,2,OPF,BOM,partial,yes,none,no,0,snag,29.6,extreme
ML28,28,7/13/2016,EF0713L1,NW5,D,Y,Y,18.5,1,3,2,MPB,BOM,partial,yes,none,no,0,snag,29.6,extreme
ML28,28,7/13/2016,EF0713L1,SW5,D,O,Y,15.5,0.1,0.5,1,OPF,BOM,partial,yes,none,no,0,snag,29.6,extreme
ML28,28,7/13/2016,EF0713L1,SW6,D,N,N,11,0.5,1,2,OPF,BOM,partial,yes,none,no,0,snag,29.6,extreme
ML28,28,7/13/2016,EF0713L1,SW7,D,Y,Y,15.5,2,10,2,MPB,BOM,partial,yes,none,no,0,snag,29.6,extreme
ML28,28,7/13/2016,EF0713L1,NW7,D,Y,Y,21,0.5,3,2,MPB,BOM,full,yes,open,yes,160,snag,29.6,extreme
ML28,28,7/13/2016,EF0713L1,SE3,D,O,Y,16.5,0.1,1,2,OPF,BOM,full,yes,open,yes,75,snag,29.6,extreme
ML28,28,7/13/2016,EF0713L1,SW4,D,Y,Y,17.5,2,5,2,MPB,BOM,full,yes,open,yes,100,snag,29.6,extreme
ML28,28,7/13/2016,EF0713L1,NW2,D,N,N,11.5,1,5,2,OPF,BOM,partial,yes,open,yes,20,snag,29.6,extreme
ML28,28,7/13/2016,EF0713L1,NW3,D,Y,Y,27,1,5,2,MPB,BOM,partial,yes,open,yes,50,snag,29.6,extreme
ML28,28,7/13/2016,EF0713L1,SE2,D,O,Y,13.5,1,5,2,OPF,BOM,partial,yes,open,yes,60,snag,29.6,extreme
ML28,28,7/13/2016,EF0713L1,SE4,D,O,Y,20.5,0.5,2,2,OPF,BOM,partial,yes,open,yes,50,snag,29.6,extreme
ML28,28,7/13/2016,EF0713L1,SW1,D,N,N,18,0.1,0.5,1,UNK,UPF,partial,yes,open,yes,50,snag,29.6,extreme
ML28,28,7/13/2016,EF0713L1,SW2,D,N,N,15.5,2,10,2,OPF,BOM,partial,yes,open,yes,20,snag,29.6,extreme
LM29,29,7/19/2016,BA0719M1,NW3,D,N,N,14.5,1.5,10,1,FIRE,FIRE,full,yes,both,yes,200,snag,28.3,moderate
LM29,29,7/19/2016,BA0719M1,SE7,D,O,N,10.5,2,15,1,FIRE,FIRE,full,yes,both,yes,,snag,28.3,moderate
LM29,29,7/19/2016,BA0719M1,NE6,D,N,N,8,4,30,1,FIRE,FIRE,partial,yes,both,yes,75,snag,28.3,moderate
LM29,29,7/19/2016,BA0719M1,NE1,D,N,Y,10,4,60,1,FIRE,FIRE,full,yes,closed,no,140,snag,28.3,moderate
LM29,29,7/19/2016,BA0719M1,NE5,D,N,N,8.5,3,30,1,FIRE,FIRE,full,yes,closed,no,20,snag,28.3,moderate
LM29,29,7/19/2016,BA0719M1,NE7,D,N,Y,13.5,3,10,1,FIRE,FIRE,full,yes,closed,no,50,snag,28.3,moderate
LM29,29,7/19/2016,BA0719M1,SE5,D,N,Y,8.5,4,35,1,FIRE,FIRE,full,yes,closed,no,5,snag,28.3,moderate
LM29,29,7/19/2016,BA0719M1,NE3,D,N,Y,11.5,4,35,1,FIRE,FIRE,full,yes,open,yes,240,snag,28.3,moderate
LM29,29,7/19/2016,BA0719M1,NW1,D,N,N,8.5,0.5,5,1,FIRE,FIRE,full,yes,open,yes,10,snag,28.3,moderate
LM29,29,7/19/2016,BA0719M1,NW2,D,N,N,10.5,1.5,12,1,FIRE,FIRE,full,yes,open,yes,200,snag,28.3,moderate
LM29,29,7/19/2016,BA0719M1,SW1,D,N,N,10,2,15,1,FIRE,FIRE,full,yes,open,yes,200,snag,28.3,moderate
LM29,29,7/19/2016,BA0719M1,SW2,D,N,N,10.5,2,15,1,FIRE,FIRE,full,yes,open,yes,20,snag,28.3,moderate
LM29,29,7/19/2016,BA0719M1,SW3,D,N,N,10,1.5,12,1,FIRE,FIRE,full,yes,open,yes,125,snag,28.3,moderate
LM29,29,7/19/2016,BA0719M1,SW4,D,N,N,11.5,1,10,1,FIRE,FIRE,full,yes,open,yes,200,snag,28.3,moderate
LM29,29,7/19/2016,BA0719M1,SW5,D,N,N,10,2,15,1,FIRE,FIRE,full,yes,open,yes,125,snag,28.3,moderate
LM29,29,7/19/2016,BA0719M1,SW6,D,N,N,9,1.5,12,1,FIRE,FIRE,full,yes,open,yes,150,snag,28.3,moderate
LM29,29,7/19/2016,BA0719M1,SW7,D,N,N,9,2,15,1,FIRE,FIRE,full,yes,open,yes,150,snag,28.3,moderate
LM29,29,7/19/2016,BA0719M1,SE1,D,N,Y,8.5,3.5,30,1,FIRE,FIRE,partial,yes,open,yes,40,snag,28.3,moderate
LM29,29,7/19/2016,BA0719M1,SE2,D,Y,Y,11,5,45,2,MPB,BOM,partial,yes,open,yes,20,snag,28.3,moderate
LM29,29,7/19/2016,BA0719M1,SE3,D,O,Y,11,6,65,2,OPF,BOM,partial,yes,open,yes,70,snag,28.3,moderate
LM29,29,7/19/2016,BA0719M1,SE4,D,N,Y,8.5,5.5,65,1,FIRE,FIRE,partial,yes,open,yes,55,snag,28.3,moderate
LM29,29,7/19/2016,BA0719M1,SE6,D,Y,Y,15,3,20,2,MPB,BOM,partial,yes,open,yes,20,snag,28.3,moderate
LM29,29,7/19/2016,BA0719M1,SW8,D,Y,Y,12.5,2,15,2,MPB,BOM,partial,yes,open,yes,100,snag,28.3,moderate
LM29,29,7/19/2016,BA0719M1,NE2,D,N,N,7.5,3,40,1,FIRE,FIRE,full,yes,partial,yes,15,snag,28.3,moderate
LM29,29,7/19/2016,BA0719M1,NE4,D,N,N,9,2.5,15,1,FIRE,FIRE,full,yes,partial,yes,10,snag,28.3,moderate
MM30,30,7/19/2016,BA0719M2,NW2,D,Y,Y,15.5,12,90,4,MPB,BOM,none,no,none,no,0,snag,37.4,extreme
MM30,30,7/19/2016,BA0719M2,NE1,D,Y,Y,20.5,8,90,3,MPB,BOM,partial,yes,none,no,0,snag,37.4,extreme
MM30,30,7/19/2016,BA0719M2,SE1,D,N,N,9.5,8,70,1,FIRE,FIRE,full,yes,open,yes,90,snag,37.4,extreme
MM30,30,7/19/2016,BA0719M2,SE2,D,N,N,11,5.5,60,2,OPF,BOM,full,yes,open,yes,90,snag,37.4,extreme
MM30,30,7/19/2016,BA0719M2,SW3,D,N,N,11,4,15,2,FIRE,FIRE,full,yes,open,yes,80,snag,37.4,extreme
MM30,30,7/19/2016,BA0719M2,SW2,D,Y,Y,18.5,8,60,3,MPB,BOM,NA,yes,open,yes,300,snag,37.4,extreme
MM30,30,7/19/2016,BA0719M2,NE2,D,Y,Y,14.5,8,80,2,MPB,BOM,partial,yes,open,yes,15,snag,37.4,extreme
MM30,30,7/19/2016,BA0719M2,NW1,D,Y,Y,14.5,12,70,4,MPB,BOM,partial,yes,open,yes,7,snag,37.4,extreme
MM30,30,7/19/2016,BA0719M2,SW1,D,N,N,12.5,12,95,4,OPF,BOM,partial,yes,open,yes,35,snag,37.4,extreme
LM31,31,7/19/2016,BA0719L1,SE2,D,N,N,12.5,2,5,1,FIRE,FIRE,full,yes,both,yes,130,snag,37.4,extreme
LM31,31,7/19/2016,BA0719L1,NE1,D,O,N,8.5,3,25,2,OPF,UPF,full,yes,none,no,0,snag,37.4,extreme
LM31,31,7/19/2016,BA0719L1,SE1,D,O,Y,11.5,5,50,2,OPF,UPF,partial,yes,none,no,0,snag,37.4,extreme
LM31,31,7/19/2016,BA0719L1,SE3,D,N,N,11,5,60,2,OPF,UPF,full,yes,open,yes,190,snag,37.4,extreme
LM31,31,7/19/2016,BA0719L1,SW1,D,O,Y,19,0.5,3,1,FIRE,FIRE,full,yes,open,yes,200,snag,37.4,extreme
LM31,31,7/19/2016,BA0719L1,SW2,D,N,N,11,1.5,5,1,FIRE,FIRE,full,yes,open,yes,300,snag,37.4,extreme
LL32,32,7/20/2016,BA0720L1,SW4,D,O,Y,10.5,0.1,0.5,1,FIRE,FIRE,full,yes,both,yes,85,snag,37.4,extreme
LL32,32,7/20/2016,BA0720L1,SW5,D,N,N,7.5,0.1,0.5,1,FIRE,FIRE,full,yes,both,yes,40,snag,37.4,extreme
LL32,32,7/20/2016,BA0720L1,NE2,D,Y,Y,21.5,1,6,2,MPB,BOM,full,yes,closed,no,30,snag,37.4,extreme
LL32,32,7/20/2016,BA0720L1,NW1,D,N,N,9,0.1,0.5,1,FIRE,FIRE,full,yes,closed,no,40,snag,37.4,extreme
LL32,32,7/20/2016,BA0720L1,NW2,D,N,N,8,0.5,1,1,FIRE,FIRE,full,yes,closed,no,12,snag,37.4,extreme
LL32,32,7/20/2016,BA0720L1,SE1,D,Y,Y,19.5,0.5,5,2,MPB,BOM,full,yes,closed,no,70,snag,37.4,extreme
LL32,32,7/20/2016,BA0720L1,SE2,D,Y,Y,21.5,NA,1,2,MPB,BOM,full,yes,closed,no,60,snag,37.4,extreme
LL32,32,7/20/2016,BA0720L1,SW3,D,O,Y,11,0.1,0.5,1,FIRE,FIRE,full,yes,closed,no,150,snag,37.4,extreme
LL32,32,7/20/2016,BA0720L1,NE3,L,live,live,11,0.5,2,1,live,live,full,yes,closed,no,85,snag,37.4,extreme
LL32,32,7/20/2016,BA0720L1,SW2,L,live,live,9.5,0.1,0.5,1,live,live,full,yes,closed,no,26,snag,37.4,extreme
LL32,32,7/20/2016,BA0720L1,SW6,L,live,live,11,0.1,0.5,1,live,live,full,yes,closed,no,150,snag,37.4,extreme
LL32,32,7/20/2016,BA0720L1,NE1,D,N,N,9.5,0.5,10,1,FIRE,FIRE,full,yes,open,yes,40,snag,37.4,extreme
LL32,32,7/20/2016,BA0720L1,NW3,D,Y,Y,19,4.5,20,1,MPB,BOM,full,yes,open,yes,200,snag,37.4,extreme
LL32,32,7/20/2016,BA0720L1,SW1,D,N,N,8,0.1,0.5,1,FIRE,FIRE,full,yes,open,yes,6,snag,37.4,extreme
LL32,32,7/20/2016,BA0720L1,NE4,L,live,live,8.5,0.1,1,1,live,live,full,yes,partial,yes,10,snag,37.4,extreme
LH33,33,7/20/2016,BA0720H1,NE2,D,NC,NB,13.5,9,100,3,OPF,UPF,none,no,none,no,0,snag,28.3,moderate
LH33,33,7/20/2016,BA0720H1,NE3,D,NC,NB,9,4.5,100,3,OPF,UPF,none,no,none,no,0,snag,28.3,moderate
LH33,33,7/20/2016,BA0720H1,NW1,D,NC,NB,11,8,100,3,OPF,UPF,none,no,none,no,0,snag,28.3,moderate
LH33,33,7/20/2016,BA0720H1,SE2,D,NC,NB,10.5,8.5,100,3,OPF,UPF,none,no,none,no,0,snag,28.3,moderate
LH33,33,7/20/2016,BA0720H1,SW1,D,NC,NB,18,8,100,3,OPF,UPF,none,no,none,no,0,snag,28.3,moderate
LH33,33,7/20/2016,BA0720H1,NE4,D,N,Y,10,10,100,1,FIRE,FIRE,full,yes,open,yes,240,snag,28.3,moderate
LH33,33,7/20/2016,BA0720H1,SE1,D,N,N,12,10,100,1,FIRE,FIRE,full,yes,open,yes,55,snag,28.3,moderate
LH33,33,7/20/2016,BA0720H1,SE3,D,N,N,9.5,9,100,2,OPF,UPF,full,yes,open,yes,135,snag,28.3,moderate
LH33,33,7/20/2016,BA0720H1,SE4,D,N,N,14,10,100,1,FIRE,FIRE,full,yes,open,yes,235,snag,28.3,moderate
LH33,33,7/20/2016,BA0720H1,NE1,D,N,N,11,10,100,2,OPF,UPF,partial,yes,open,yes,200,snag,28.3,moderate
LH33,33,7/20/2016,BA0720H1,NE5,D,N,N,7.5,7,100,1,FIRE,FIRE,partial,yes,open,yes,40,snag,28.3,moderate
LH33,33,7/20/2016,BA0720H1,SW2,D,N,N,11.5,9,100,2,FIRE,FIRE,partial,yes,open,yes,300,snag,28.3,moderate
LH34,34,7/20/2016,BA0720H2,NE1,D,NC,NB,12.5,8.5,100,3,OPF,UPF,none,no,none,no,0,snag,37.4,extreme
LH34,34,7/20/2016,BA0720H2,NE2,D,NC,NB,13,8.5,100,3,OPF,UPF,none,no,none,no,0,snag,37.4,extreme
LH34,34,7/20/2016,BA0720H2,NE3,D,O,NB,14,7.5,100,3,OPF,UPF,none,no,none,no,0,snag,37.4,extreme
LH34,34,7/20/2016,BA0720H2,NW1,D,NC,NB,14.5,9,100,3,OPF,UPF,none,no,none,no,0,snag,37.4,extreme
LH34,34,7/20/2016,BA0720H2,NW2,D,NC,NB,9.5,9,100,3,OPF,UPF,none,no,none,no,0,snag,37.4,extreme
LH34,34,7/20/2016,BA0720H2,NW3,D,NC,NB,11,9,100,3,OPF,UPF,none,no,none,no,0,snag,37.4,extreme
LH34,34,7/20/2016,BA0720H2,SE1,D,NC,NB,8.5,6,100,3,OPF,UPF,none,no,none,no,0,snag,37.4,extreme
LH34,34,7/20/2016,BA0720H2,SE2,D,NC,NB,11,9.5,100,3,OPF,UPF,none,no,none,no,0,snag,37.4,extreme
LH34,34,7/20/2016,BA0720H2,SE3,D,NC,NB,11,9.5,100,3,OPF,UPF,none,no,none,no,0,snag,37.4,extreme
LH34,34,7/20/2016,BA0720H2,SW1,D,NC,NB,12,9,100,3,OPF,UPF,none,no,none,no,0,snag,37.4,extreme
LH34,34,7/20/2016,BA0720H2,SW3,D,NC,NB,9.5,8,100,3,OPF,UPF,none,no,none,no,0,snag,37.4,extreme
LH34,34,7/20/2016,BA0720H2,SW2,D,N,N,11,11,100,2,FIRE,FIRE,partial,yes,open,yes,125,snag,37.4,extreme
HM35,35,7/20/2016,BA0720M1,NE2,D,Y,Y,16.5,3.5,25,2,MPB,BOM,full,yes,both,yes,45,snag,28.3,moderate
HM35,35,7/20/2016,BA0720M1,NE1,D,Y,Y,19.5,2.5,15,2,MPB,BOM,full,yes,closed,no,200,snag,28.3,moderate
HM35,35,7/20/2016,BA0720M1,SEA,D,Y,Y,24,4,40,2,MPB,BOM,partial,yes,none,no,0,snag,28.3,moderate
HM35,35,7/20/2016,BA0720M1,NW1,D,Y,Y,18,2,15,2,MPB,BOM,partial,yes,open,yes,12,snag,28.3,moderate
LH36,36,7/21/2016,BA0721H1,SW7,D,O,Y,8,10,100,3,OPF,BOM,none,no,none,no,0,snag,27.7,moderate
LH36,36,7/21/2016,BA0721H1,SW8,D,Y,Y,12,8,100,3,MPB,BOM,none,no,none,no,0,snag,27.7,moderate
LH36,36,7/21/2016,BA0721H1,NW3,D,O,N,8.5,7.5,100,3,OPF,BOM,partial,yes,none,no,0,snag,27.7,moderate
LH36,36,7/21/2016,BA0721H1,NE2,D,N,Y,11.5,11,100,1,FIRE,FIRE,full,yes,open,yes,40,snag,27.7,moderate
LH36,36,7/21/2016,BA0721H1,NE4,D,N,N,11,9.5,100,1,FIRE,FIRE,full,yes,open,yes,3,snag,27.7,moderate
LH36,36,7/21/2016,BA0721H1,NE5,D,N,N,10.5,9.5,100,1,FIRE,FIRE,full,yes,open,yes,110,snag,27.7,moderate
LH36,36,7/21/2016,BA0721H1,NE7,D,N,N,12,9.5,100,1,FIRE,FIRE,full,yes,open,yes,15,snag,27.7,moderate
LH36,36,7/21/2016,BA0721H1,NE8,D,N,Y,10,10,100,1,FIRE,FIRE,full,yes,open,yes,90,snag,27.7,moderate
LH36,36,7/21/2016,BA0721H1,NW1,D,N,N,15.5,14,100,1,FIRE,FIRE,full,yes,open,yes,70,snag,27.7,moderate
LH36,36,7/21/2016,BA0721H1,NW2,D,N,N,11,13,100,1,FIRE,FIRE,full,yes,open,yes,100,snag,27.7,moderate
LH36,36,7/21/2016,BA0721H1,NW4,D,N,N,8,13,100,1,FIRE,FIRE,full,yes,open,yes,200,snag,27.7,moderate
LH36,36,7/21/2016,BA0721H1,NW6,D,N,N,14,14,100,1,FIRE,FIRE,full,yes,open,yes,100,snag,27.7,moderate
LH36,36,7/21/2016,BA0721H1,NW7,D,N,N,11.5,13,100,1,FIRE,FIRE,full,yes,open,yes,50,snag,27.7,moderate
LH36,36,7/21/2016,BA0721H1,SE2,D,N,N,11,11,100,1,FIRE,FIRE,full,yes,open,yes,65,snag,27.7,moderate
LH36,36,7/21/2016,BA0721H1,SE3,D,N,Y,11.5,10,100,1,FIRE,FIRE,full,yes,open,yes,180,snag,27.7,moderate
LH36,36,7/21/2016,BA0721H1,SE4,D,N,N,8.5,7,100,1,FIRE,FIRE,full,yes,open,yes,70,snag,27.7,moderate
LH36,36,7/21/2016,BA0721H1,SE5,D,N,N,8,8,100,1,FIRE,FIRE,full,yes,open,yes,20,snag,27.7,moderate
LH36,36,7/21/2016,BA0721H1,SE6,D,N,N,8.5,9.5,100,1,FIRE,FIRE,full,yes,open,yes,140,snag,27.7,moderate
LH36,36,7/21/2016,BA0721H1,SE7,D,N,N,10.5,9.5,100,1,FIRE,FIRE,full,yes,open,yes,130,snag,27.7,moderate
LH36,36,7/21/2016,BA0721H1,SW5,D,N,N,13,14,100,1,FIRE,FIRE,full,yes,open,yes,400,snag,27.7,moderate
LH36,36,7/21/2016,BA0721H1,NE1,D,N,N,8,9,100,1,FIRE,FIRE,partial,yes,open,yes,5,snag,27.7,moderate
LH36,36,7/21/2016,BA0721H1,NE3,D,N,N,10.5,10.5,100,1,FIRE,FIRE,partial,yes,open,yes,80,snag,27.7,moderate
LH36,36,7/21/2016,BA0721H1,NE6,D,N,N,7.5,9.5,100,1,FIRE,FIRE,partial,yes,open,yes,10,snag,27.7,moderate
LH36,36,7/21/2016,BA0721H1,NW5,D,N,N,9,13,100,1,FIRE,FIRE,partial,yes,open,yes,9,snag,27.7,moderate
LH36,36,7/21/2016,BA0721H1,SE1,D,N,N,8,9,100,1,FIRE,FIRE,partial,yes,open,yes,70,snag,27.7,moderate
LH36,36,7/21/2016,BA0721H1,SE8,D,N,N,8,10,100,1,FIRE,FIRE,partial,yes,open,yes,30,snag,27.7,moderate
LH36,36,7/21/2016,BA0721H1,SW1,D,N,N,7.5,12,100,1,FIRE,FIRE,partial,yes,open,yes,30,snag,27.7,moderate
LH36,36,7/21/2016,BA0721H1,SW2,D,N,N,11.5,12,100,1,FIRE,FIRE,partial,yes,open,yes,10,snag,27.7,moderate
LH36,36,7/21/2016,BA0721H1,SW3,D,N,N,8.5,13,100,1,FIRE,FIRE,partial,yes,open,yes,200,snag,27.7,moderate
LH36,36,7/21/2016,BA0721H1,SW4,D,N,N,8,11,100,1,FIRE,FIRE,partial,yes,open,yes,20,snag,27.7,moderate
LH36,36,7/21/2016,BA0721H1,SW6,D,N,N,9.5,12,100,1,FIRE,FIRE,partial,yes,open,yes,200,snag,27.7,moderate
ML37,37,7/21/2016,BA0721L1,SE1,D,Y,Y,11.5,1.5,10,2,MPB,BOM,full,yes,both,yes,25,snag,28.3,moderate
ML37,37,7/21/2016,BA0721L1,SE3,D,Y,Y,14.5,3,7,2,MPB,BOM,full,yes,both,yes,75,snag,28.3,moderate
ML37,37,7/21/2016,BA0721L1,NE1,D,Y,Y,18,1.5,15,2,MPB,BOM,partial,yes,none,no,0,snag,28.3,moderate
ML37,37,7/21/2016,BA0721L1,NE3,D,N,N,9.5,0.5,1,2,OPF,BOM,partial,yes,none,no,0,snag,28.3,moderate
ML37,37,7/21/2016,BA0721L1,NE2,D,Y,Y,15,2,10,2,MPB,BOM,full,yes,open,yes,180,snag,28.3,moderate
ML37,37,7/21/2016,BA0721L1,SW3,D,Y,Y,18,6,15,2,MPB,BOM,full,yes,open,yes,400,snag,28.3,moderate
ML37,37,7/21/2016,BA0721L1,SW4,D,N,N,15,1.5,3,1,FIRE,FIRE,full,yes,open,yes,300,snag,28.3,moderate
ML37,37,7/21/2016,BA0721L1,NE4,D,Y,Y,13.5,1,10,2,MPB,BOM,partial,yes,open,yes,170,snag,28.3,moderate
ML37,37,7/21/2016,BA0721L1,NW1,D,O,Y,10.5,0.5,3,2,OPF,BOM,partial,yes,open,yes,200,snag,28.3,moderate
ML37,37,7/21/2016,BA0721L1,NW2,D,Y,Y,13,1.5,5,2,MPB,BOM,partial,yes,open,yes,3,snag,28.3,moderate
ML37,37,7/21/2016,BA0721L1,NW3,D,Y,Y,14.5,8,25,2,MPB,BOM,partial,yes,open,yes,30,snag,28.3,moderate
ML37,37,7/21/2016,BA0721L1,SE2,D,O,N,10.5,1,5,2,OPF,BOM,partial,yes,open,yes,15,snag,28.3,moderate
ML37,37,7/21/2016,BA0721L1,SE4,D,O,N,7.5,0.5,3,2,OPF,BOM,partial,yes,open,yes,3,snag,28.3,moderate
ML37,37,7/21/2016,BA0721L1,SE5,D,O,Y,9.5,1,10,2,OPF,BOM,partial,yes,open,yes,50,snag,28.3,moderate
ML37,37,7/21/2016,BA0721L1,SW1,D,O,Y,11,1.5,3,2,OPF,BOM,partial,yes,open,yes,100,snag,28.3,moderate
ML37,37,7/21/2016,BA0721L1,SW2,D,O,Y,10.5,3,7,2,OPF,BOM,partial,yes,open,yes,40,snag,28.3,moderate
MH38,38,7/21/2016,BA0721H2,NE1,D,Y,Y,12.5,5.5,100,3,MPB,BOM,none,no,none,no,0,snag,28.3,moderate
MH38,38,7/21/2016,BA0721H2,NW3,D,Y,Y,14,10,100,3,MPB,BOM,none,no,none,no,0,snag,28.3,moderate
MH38,38,7/21/2016,BA0721H2,NW1,D,Y,Y,14,10,100,4,MPB,BOM,partial,yes,none,no,0,snag,28.3,moderate
MH38,38,7/21/2016,BA0721H2,NW4,D,N,N,13,12,100,2,FIRE,FIRE,full,yes,open,yes,200,snag,28.3,moderate
MH38,38,7/21/2016,BA0721H2,SW1,D,N,N,14,12,100,2,FIRE,FIRE,full,yes,open,yes,200,snag,28.3,moderate
MH38,38,7/21/2016,BA0721H2,NW2,D,Y,Y,14.5,10,90,3,MPB,BOM,partial,yes,open,yes,8,snag,28.3,moderate
MH38,38,7/21/2016,BA0721H2,NW5,D,Y,Y,21.5,12,90,3,MPB,BOM,partial,yes,open,yes,150,snag,28.3,moderate
MH38,38,7/21/2016,BA0721H2,SE1,D,N,N,15.5,10.5,80,3,OPF,BOM,partial,yes,open,yes,85,snag,28.3,moderate
LL39,39,7/22/2016,BA0722L1,NE1,D,Y,Y,14.5,0.1,2,2,MPB,BOM,full,yes,closed,no,30,snag,27.6,moderate
LL39,39,7/22/2016,BA0722L1,NW2,D,O,N,7.5,0.1,0.5,1,FIRE,FIRE,full,yes,closed,no,12,snag,27.6,moderate
LL39,39,7/22/2016,BA0722L1,NW3,D,O,Y,13,0.1,0.5,1,FIRE,FIRE,full,yes,closed,no,300,snag,27.6,moderate
LL39,39,7/22/2016,BA0722L1,SE5,D,Y,Y,14,0,0,1,MPB,BOM,full,yes,closed,no,40,snag,27.6,moderate
LL39,39,7/22/2016,BA0722L1,SE7,D,Y,Y,14.5,0.1,3,2,MPB,BOM,full,yes,closed,no,7,snag,27.6,moderate
LL39,39,7/22/2016,BA0722L1,SW1,D,O,Y,13.5,0.5,2,1,FIRE,FIRE,full,yes,closed,no,250,snag,27.6,moderate
LL39,39,7/22/2016,BA0722L1,SW2,D,N,N,8.5,0.5,2,1,UNK,UPF,full,yes,closed,no,25,snag,27.6,moderate
LL39,39,7/22/2016,BA0722L1,SW6,D,Y,Y,13,0,0,1,MPB,BOM,full,yes,closed,no,30,snag,27.6,moderate
LL39,39,7/22/2016,BA0722L1,SW7,D,Y,Y,15,0.1,0.5,2,MPB,BOM,full,yes,closed,no,200,snag,27.6,moderate
LL39,39,7/22/2016,BA0722L1,NE2,L,live,live,13.5,0.5,3,1,live,live,full,yes,closed,no,45,snag,27.6,moderate
LL39,39,7/22/2016,BA0722L1,NE4,L,live,live,9.5,0,0,1,live,live,full,yes,closed,no,40,snag,27.6,moderate
LL39,39,7/22/2016,BA0722L1,NW4,L,live,live,10.5,0.1,0.5,1,live,live,full,yes,closed,no,50,snag,27.6,moderate
LL39,39,7/22/2016,BA0722L1,NW5,L,live,live,9,0,0,1,live,live,full,yes,closed,no,50,snag,27.6,moderate
LL39,39,7/22/2016,BA0722L1,NW6,L,live,live,12.5,0.1,0.5,1,live,live,full,yes,closed,no,50,snag,27.6,moderate
LL39,39,7/22/2016,BA0722L1,SE1,L,live,live,NA,0.1,0.5,1,live,live,full,yes,closed,no,50,snag,27.6,moderate
LL39,39,7/22/2016,BA0722L1,SE4,L,live,live,14,0,0,1,live,live,full,yes,closed,no,90,snag,27.6,moderate
LL39,39,7/22/2016,BA0722L1,SW5,L,live,live,10.5,0,0,1,live,live,full,yes,closed,no,100,snag,27.6,moderate
LL39,39,7/22/2016,BA0722L1,NW1,D,Y,Y,9.5,0.5,3,2,MPB,BOM,partial,yes,closed,no,50,snag,27.6,moderate
LL39,39,7/22/2016,BA0722L1,SE2,D,Y,Y,10,0.1,0.5,1,MPB,BOM,partial,yes,closed,no,70,snag,27.6,moderate
LL39,39,7/22/2016,BA0722L1,SE6,D,O,Y,8.5,0.5,2,2,OPF,BOM,partial,yes,closed,no,40,snag,27.6,moderate
LL39,39,7/22/2016,BA0722L1,SE8,D,Y,Y,10,0,0,1,MPB,BOM,partial,yes,closed,no,25,snag,27.6,moderate
LL39,39,7/22/2016,BA0722L1,SW3,D,Y,Y,10,0.5,2,2,MPB,BOM,partial,yes,closed,no,20,snag,27.6,moderate
LL39,39,7/22/2016,BA0722L1,SW4,D,Y,Y,11,0.5,2,2,MPB,BOM,partial,yes,closed,no,10,snag,27.6,moderate
LL39,39,7/22/2016,BA0722L1,SE3,L,live,LIVE,7.5,0.5,2,1,live,live,full,yes,none,no,0,snag,27.6,moderate
LL39,39,7/22/2016,BA0722L1,NE3,D,O,Y,8,0,0,1,OPF,BOM,partial,yes,none,no,0,snag,27.6,moderate
LL39,39,7/22/2016,BA0722L1,SW8,D,O,N,9,0.5,2,2,OPF,BOM,partial,yes,partial,yes,20,snag,27.6,moderate
MH40,40,7/22/2016,BA0722H1,SE2,D,N,Y,12.5,9,100,1,FIRE,FIRE,full,yes,both,yes,60,snag,27.6,moderate
MH40,40,7/22/2016,BA0722H1,NE4,D,Y,NB,11.5,5.5,100,3,MPB,BOM,none,no,none,no,0,snag,27.6,moderate
MH40,40,7/22/2016,BA0722H1,NE5,D,Y,Y,16.5,11,100,3,MPB,BOM,none,no,none,no,0,snag,27.6,moderate
MH40,40,7/22/2016,BA0722H1,NW1,D,Y,NB,13,9,99,3,MPB,BOM,none,no,none,no,0,snag,27.6,moderate
MH40,40,7/22/2016,BA0722H1,NW2,D,Y,NB,12,10,99,3,MPB,BOM,none,no,none,no,0,snag,27.6,moderate
MH40,40,7/22/2016,BA0722H1,NW3,D,Y,NB,16.5,14,99,3,MPB,BOM,none,no,none,no,0,snag,27.6,moderate
MH40,40,7/22/2016,BA0722H1,SE1,D,Y,Y,14,9,100,3,MPB,BOM,none,no,none,no,0,snag,27.6,moderate
MH40,40,7/22/2016,BA0722H1,NE1,D,N,N,13,13,100,1,FIRE,FIRE,partial,yes,open,yes,140,snag,27.6,moderate
MH40,40,7/22/2016,BA0722H1,NE2,D,N,N,11,10,100,1,FIRE,FIRE,partial,yes,open,yes,30,snag,27.6,moderate
MH40,40,7/22/2016,BA0722H1,NE3,D,N,N,12,11,100,1,FIRE,FIRE,partial,yes,open,yes,100,snag,27.6,moderate
MH41,41,7/22/2016,BA0722H2,NE2,D,O,N,25,10,75,3,OPF,BOM,none,no,none,no,0,cwd,27.6,moderate
MH41,41,7/22/2016,BA0722H2,NE3,D,O,NB,12,6,85,3,OPF,BOM,none,no,none,no,0,cwd,27.6,moderate
MH41,41,7/22/2016,BA0722H2,NW2,D,O,NB,21.5,8,60,3,OPF,BOM,none,no,none,no,0,cwd,27.6,moderate
MH41,41,7/22/2016,BA0722H2,SW2,D,O,Y,14.5,10,70,3,OPF,BOM,none,no,none,no,0,cwd,27.6,moderate
MH41,41,7/22/2016,BA0722H2,NW3,D,O,Y,18,5,50,2,OPF,BOM,partial,yes,none,no,0,cwd,27.6,moderate
MH41,41,7/22/2016,BA0722H2,SE2,D,Y,Y,17.5,9,40,2,MPB,BOM,partial,yes,none,no,0,cwd,27.6,moderate
MH41,41,7/22/2016,BA0722H2,NE1,D,Y,Y,20,9.5,100,3,MPB,BOM,full,yes,open,yes,180,snag,27.6,moderate
MH41,41,7/22/2016,BA0722H2,NW1,D,NC,Y,18.5,6,50,2,MPB,BOM,partial,yes,open,yes,200,snag,27.6,moderate
MH41,41,7/22/2016,BA0722H2,SW1,D,Y,Y,17.5,10,85,4,MPB,BOM,partial,yes,open,yes,10,cwd,27.6,moderate
LL42,42,7/28/2016,BA0728L1,NW10,D,O,Y,13,0.5,2,1,FIRE,FIRE,full,yes,both,yes,200,snag,39,extreme
LL42,42,7/28/2016,BA0728L1,SW3,D,Y,Y,14,2,10,1,MPB,BOM,full,yes,both,yes,400,snag,39,extreme
LL42,42,7/28/2016,BA0728L1,NW11,L,live,live,14,0.1,0.5,1,live,live,full,yes,both,yes,300,live,39,extreme
LL42,42,7/28/2016,BA0728L1,NE6,D,O,Y,10,1,5,1,OPF,BOM,partial,yes,both,yes,30,snag,39,extreme
LL42,42,7/28/2016,BA0728L1,NW6,D,O,Y,12,0.5,2,2,OPF,BOM,full,yes,closed,no,10,snag,39,extreme
LL42,42,7/28/2016,BA0728L1,NW7,D,Y,Y,14,1.5,7,2,MPB,BOM,full,yes,closed,no,250,snag,39,extreme
LL42,42,7/28/2016,BA0728L1,SW4,D,Y,Y,14,0.5,2,2,MPB,BOM,full,yes,closed,no,400,snag,39,extreme
LL42,42,7/28/2016,BA0728L1,SW5,D,O,Y,10,0.5,2,1,OPF,BOM,full,yes,closed,no,45,snag,39,extreme
LL42,42,7/28/2016,BA0728L1,NE1,L,live,live,9.5,0,0,1,live,live,full,yes,closed,no,5,live,39,extreme
LL42,42,7/28/2016,BA0728L1,NE5,L,live,live,11.5,0.1,0.5,1,live,live,full,yes,closed,no,60,live,39,extreme
LL42,42,7/28/2016,BA0728L1,NW3,L,live,live,13,1.5,5,1,live,live,full,yes,closed,no,200,live,39,extreme
LL42,42,7/28/2016,BA0728L1,NW4,L,live,live,11.5,0.5,2,1,live,live,full,yes,closed,no,80,live,39,extreme
LL42,42,7/28/2016,BA0728L1,SE3,L,live,live,14,0.1,3,1,live,live,full,yes,closed,no,50,live,39,extreme
LL42,42,7/28/2016,BA0728L1,SE4,L,live,live,10,0.1,0.5,1,live,live,full,yes,closed,no,15,live,39,extreme
LL42,42,7/28/2016,BA0728L1,SW1,L,live,live,12,1,5,2,live,live,full,yes,closed,no,100,live,39,extreme
LL42,42,7/28/2016,BA0728L1,SW2,L,live,live,9,0.5,2,1,live,live,full,yes,closed,no,100,live,39,extreme
LL42,42,7/28/2016,BA0728L1,SW6,L,live,live,15,0.5,5,1,live,live,full,yes,closed,no,50,snag,39,extreme
LL42,42,7/28/2016,BA0728L1,NE3,D,N,N,12,0,0,1,OPF,BOM,partial,yes,closed,no,40,snag,39,extreme
LL42,42,7/28/2016,BA0728L1,NE4,D,Y,Y,10.5,0,0,1,MPB,BOM,partial,yes,closed,no,200,snag,39,extreme
LL42,42,7/28/2016,BA0728L1,NW1,D,Y,Y,11.5,0.1,0.5,1,OPF,BOM,partial,yes,closed,no,1,snag,39,extreme
LL42,42,7/28/2016,BA0728L1,NW5,D,Y,Y,10,1,5,2,OPF,BOM,partial,yes,closed,no,200,snag,39,extreme
LL42,42,7/28/2016,BA0728L1,NW8,D,Y,Y,15.5,0.5,2,2,MPB,BOM,partial,yes,closed,no,5,snag,39,extreme
LL42,42,7/28/2016,BA0728L1,NW9,D,Y,Y,14.5,1,5,2,MPB,BOM,partial,yes,closed,no,100,snag,39,extreme
LL42,42,7/28/2016,BA0728L1,SE2,D,O,Y,10,0.5,3,1,FIRE,FIRE,partial,yes,closed,no,15,snag,39,extreme
LL42,42,7/28/2016,BA0728L1,NE2,D,Y,Y,9,0,0,1,MPB,BOM,partial,yes,none,no,0,snag,39,extreme
LL42,42,7/28/2016,BA0728L1,NW2,D,O,N,8,1,5,1,OPF,BOM,partial,yes,none,no,0,snag,39,extreme
LL42,42,7/28/2016,BA0728L1,SE1,L,live,live,8.5,0,0,1,live,live,full,yes,partial,yes,12,live,39,extreme
MM43,43,7/29/2016,BA0729L1,SW2,D,Y,Y,17.5,0,0,1,MPB,BOM,full,yes,both,yes,300,snag,37.4,extreme
MM43,43,7/29/2016,BA0729L1,NE1,D,Y,Y,17,2,10,2,MPB,BOM,full,yes,closed,no,35,snag,37.4,extreme
MM43,43,7/29/2016,BA0729L1,NW3,D,O,Y,14,0.5,2,1,FIRE,FIRE,full,yes,closed,no,200,snag,37.4,extreme
MM43,43,7/29/2016,BA0729L1,NW6,D,O,Y,15.5,1.5,NA,1,FIRE,FIRE,full,yes,closed,no,200,snag,37.4,extreme
MM43,43,7/29/2016,BA0729L1,SE1,D,Y,Y,21,1,6,1,MPB,BOM,full,yes,closed,no,70,snag,37.4,extreme
MM43,43,7/29/2016,BA0729L1,SE5,D,O,Y,15,0.5,3,1,FIRE,FIRE,full,yes,closed,no,80,snag,37.4,extreme
MM43,43,7/29/2016,BA0729L1,SE6,D,O,Y,15.5,0.5,3,1,FIRE,FIRE,full,yes,closed,no,50,snag,37.4,extreme
MM43,43,7/29/2016,BA0729L1,SW1,D,Y,Y,19,4,15,2,MPB,BOM,full,yes,closed,no,150,snag,37.4,extreme
MM43,43,7/29/2016,BA0729L1,NW4,L,live,live,20,0.1,0.5,1,live,live,full,yes,closed,no,200,snag,37.4,extreme
MM43,43,7/29/2016,BA0729L1,NW5,L,live,live,11,0.1,0.5,1,live,live,full,yes,closed,no,10,snag,37.4,extreme
MM43,43,7/29/2016,BA0729L1,NE2,D,Y,Y,15,0.5,3,1,MPB,BOM,partial,yes,closed,no,360,snag,37.4,extreme
MM43,43,7/29/2016,BA0729L1,SE7,D,Y,Y,18,0,0,1,MPB,BOM,partial,yes,closed,no,30,snag,37.4,extreme
MM43,43,7/29/2016,BA0729L1,NW2,D,Y,Y,12,1.5,7,2,MPB,BOM,partial,yes,none,no,0,snag,37.4,extreme
MM43,43,7/29/2016,BA0729L1,SE3,D,O,Y,14,0.5,3,2,OPF,BOM,partial,yes,none,no,0,snag,37.4,extreme
MM43,43,7/29/2016,BA0729L1,SE4,D,Y,Y,14,0.5,2,2,MPB,BOM,partial,yes,none,no,0,snag,37.4,extreme
MM43,43,7/29/2016,BA0729L1,NW1,D,Y,Y,15,2,10,2,MPB,BOM,full,yes,open,yes,30,snag,37.4,extreme
MM43,43,7/29/2016,BA0729L1,SE2,D,O,Y,14,1,5,1,FIRE,FIRE,full,yes,open,yes,14,snag,37.4,extreme
MM43,43,7/29/2016,BA0729L1,SW3,D,Y,Y,17,0.5,2,2,MPB,BOM,partial,yes,partial,yes,30,snag,37.4,extreme
HL44,44,7/30/2016,BA0730L1,SE2,D,Y,Y,31,0,12,2,MPB,BOM,partial,yes,both,yes,25,cwd,37.4,extreme
HL44,44,7/30/2016,BA0730L1,SE3,D,Y,Y,17.5,0.5,3,2,MPB,BOM,partial,yes,both,yes,20,cwd,37.4,extreme
HL44,44,7/30/2016,BA0730L1,NW3,D,Y,Y,25,0.5,2,2,MPB,BOM,full,yes,closed,no,400,snag,37.4,extreme
HL44,44,7/30/2016,BA0730L1,SW3,D,O,N,11.5,1,5,1,OPF,BOM,full,yes,closed,no,100,snag,37.4,extreme
HL44,44,7/30/2016,BA0730L1,SW2,L,live,live,20,0.1,0.5,1,live,live,full,yes,closed,no,400,snag,37.4,extreme
HL44,44,7/30/2016,BA0730L1,NW1,D,Y,Y,21,1.5,7,2,MPB,BOM,partial,yes,closed,no,200,snag,37.4,extreme
HL44,44,7/30/2016,BA0730L1,NW2,D,Y,Y,16.5,2,10,2,MPB,BOM,partial,yes,closed,no,100,snag,37.4,extreme
HL44,44,7/30/2016,BA0730L1,SE1,D,Y,Y,20.5,0.5,3,2,MPB,BOM,partial,yes,closed,no,70,snag,37.4,extreme
HL44,44,7/30/2016,BA0730L1,SW7,D,Y,Y,16,0.5,2,2,MPB,BOM,partial,yes,closed,no,300,snag,37.4,extreme
HL44,44,7/30/2016,BA0730L1,NEA,D,Y,Y,26,0,90,4,MPB,BOM,none,no,none,no,0,cwd,37.4,extreme
HL44,44,7/30/2016,BA0730L1,SE4,D,Y,Y,28,0,60,2,MPB,BOM,none,no,none,no,0,cwd,37.4,extreme
HL44,44,7/30/2016,BA0730L1,SE5,D,O,NB,12.5,0,40,2,OPF,BOM,none,no,none,no,0,cwd,37.4,extreme
HL44,44,7/30/2016,BA0730L1,SE6,D,Y,Y,26,0,3,2,MPB,BOM,none,no,none,no,0,cwd,37.4,extreme
HL44,44,7/30/2016,BA0730L1,SW4,D,N,N,10.5,0.5,2,2,OPF,BOM,none,no,none,no,0,snag,37.4,extreme
HL44,44,7/30/2016,BA0730L1,SW6,D,Y,Y,17,1,5,2,MPB,BOM,partial,yes,open,yes,30,snag,37.4,extreme
HL44,44,7/30/2016,BA0730L1,SW1,D,Y,Y,21,2,10,2,MPB,BOM,full,yes,partial,yes,10,snag,37.4,extreme
HL44,44,7/30/2016,BA0730L1,SEA,D,O,N,10.5,0,50,2,OPF,BOM,none,no,partial,yes,2,cwd,37.4,extreme
HL44,44,7/30/2016,BA0730L1,SW5,D,Y,Y,19.5,0,0,1,MPB,BOM,partial,yes,partial,yes,15,snag,37.4,extreme
HM45,45,7/30/2016,BA0730M1,SE1,D,O,Y,11,1,7,2,OPF,BOM,partial,yes,closed,no,2,snag,37.4,extreme
HM45,45,7/30/2016,BA0730M1,NE2,D,O,Y,18,NA,NA,3,OPF,BOM,none,no,none,no,0,cwd,37.4,extreme
HM45,45,7/30/2016,BA0730M1,SE2,D,Y,Y,13.5,0,45,2,MPB,BOM,none,no,none,no,0,cwd,37.4,extreme
HM45,45,7/30/2016,BA0730M1,SE3,D,Y,NB,16.5,0,100,4,MPB,BOM,none,no,none,no,0,cwd,37.4,extreme
HM45,45,7/30/2016,BA0730M1,SE4,D,Y,Y,29,0,70,3,MPB,BOM,none,no,none,no,0,cwd,37.4,extreme
HM45,45,7/30/2016,BA0730M1,NE1,D,Y,Y,17,8,60,2,MPB,BOM,partial,yes,none,no,0,cwd,37.4,extreme
HM45,45,7/30/2016,BA0730M1,SW2,D,Y,Y,13.5,10,50,2,MPB,BOM,partial,yes,none,no,0,cwd,37.4,extreme
HM45,45,7/30/2016,BA0730M1,SW3,D,Y,Y,24.5,11,40,2,MPB,BOM,partial,yes,open,yes,10,cwd,37.4,extreme
HM45,45,7/30/2016,BA0730M1,NW1,D,Y,Y,18.5,5,35,2,MPB,BOM,partial,yes,partial,yes,9,cwd,37.4,extreme
HM45,45,7/30/2016,BA0730M1,SW1,D,Y,Y,14,2,10,2,MPB,BOM,partial,yes,partial,yes,3,cwd,37.4,extreme
HL46,46,7/30/2016,BA0730L2,SW2,D,Y,Y,20,3,15,2,MPB,BOM,full,yes,both,yes,300,snag,37.4,extreme
HL46,46,7/30/2016,BA0730L2,NE1,D,Y,Y,26.5,2.5,25,2,MPB,BOM,partial,yes,both,yes,130,snag,37.4,extreme
HL46,46,7/30/2016,BA0730L2,NW1,D,Y,Y,23,3,15,2,MPB,BOM,full,yes,closed,no,100,snag,37.4,extreme
HL46,46,7/30/2016,BA0730L2,NW2,D,Y,Y,21,0.5,2,2,MPB,BOM,full,yes,closed,no,300,snag,37.4,extreme
HL46,46,7/30/2016,BA0730L2,NW3,D,Y,Y,23,0.5,2,2,MPB,BOM,full,yes,closed,no,200,snag,37.4,extreme
HL46,46,7/30/2016,BA0730L2,SW1,D,Y,Y,24,3,15,2,MPB,BOM,full,yes,closed,no,300,snag,37.4,extreme
HL46,46,7/30/2016,BA0730L2,NE2,D,Y,Y,22,1,5,2,MPB,BOM,partial,yes,closed,no,65,snag,37.4,extreme
HL46,46,7/30/2016,BA0730L2,SE1,D,Y,Y,19.5,2.5,80,2,MPB,BOM,none,no,none,no,0,snag,37.4,extreme
HL46,46,7/30/2016,BA0730L2,NW4,D,Y,Y,21,0.5,2,2,MPB,BOM,full,yes,partial,yes,1,snag,37.4,extreme
LL47,47,7/30/2016,BA0730L3,NE2,D,N,N,9.5,1,7,1,FIRE,FIRE,full,yes,both,yes,135,snag,27.6,moderate
LL47,47,7/30/2016,BA0730L3,NW1,D,N,N,14,1,10,1,FIRE,FIRE,full,yes,both,yes,200,snag,27.6,moderate
LL47,47,7/30/2016,BA0730L3,SE2,D,O,NB,14,NA,70,3,OPF,BOM,partial,yes,both,yes,7,cwd,27.6,moderate
LL47,47,7/30/2016,BA0730L3,SE1,D,N,N,9.5,1,8,1,FIRE,FIRE,full,yes,closed,no,25,snag,27.6,moderate
LL47,47,7/30/2016,BA0730L3,NW4,D,NC,Y,17,NA,90,4,MPB,BOM,none,no,none,no,0,cwd,27.6,moderate
LL47,47,7/30/2016,BA0730L3,SE4,D,Y,NB,14.5,NA,85,3,MPB,BOM,none,no,none,no,0,cwd,27.6,moderate
LL47,47,7/30/2016,BA0730L3,SEA,D,Y,Y,12,NA,90,4,MPB,BOM,none,no,none,no,0,cwd,27.6,moderate
LL47,47,7/30/2016,BA0730L3,SEB,D,O,NB,9.5,NA,70,3,OPF,BOM,none,no,none,no,0,cwd,27.6,moderate
LL47,47,7/30/2016,BA0730L3,NW2,D,Y,Y,17,NA,55,3,MPB,BOM,partial,yes,none,no,0,cwd,27.6,moderate
LL47,47,7/30/2016,BA0730L3,NE1,D,N,N,9,1,23,1,FIRE,FIRE,full,yes,open,yes,16,snag,27.6,moderate
LL47,47,7/30/2016,BA0730L3,SE3,D,Y,Y,13,NA,10,2,MPB,BOM,partial,yes,open,yes,8,cwd,27.6,moderate
LL47,47,7/30/2016,BA0730L3,NE3,D,Y,Y,12,0.5,5,2,MPB,BOM,partial,yes,partial,yes,28,cwd,27.6,moderate
LL47,47,7/30/2016,BA0730L3,NE4,D,Y,Y,13.5,0.5,5,2,MPB,BOM,partial,yes,partial,yes,8,cwd,27.6,moderate
LL47,47,7/30/2016,BA0730L3,NW3,D,Y,Y,14,NA,35,2,MPB,BOM,partial,yes,partial,yes,10,cwd,27.6,moderate
MM48,48,7/31/2016,BA0731M1,NE1,D,Y,Y,22.5,2,12,2,MPB,BOM,partial,yes,both,yes,780,snag,39,extreme
MM48,48,7/31/2016,BA0731M1,NW1,L,live,live,16,1.5,5,2,live,live,full,yes,closed,no,200,live,39,extreme
MM48,48,7/31/2016,BA0731M1,SE1,D,Y,Y,21,1,5,2,MPB,BOM,partial,yes,closed,no,12,cwd,39,extreme
MM48,48,7/31/2016,BA0731M1,NE3,D,O,NB,8,3,65,3,OPF,BOM,none,no,none,no,0,cwd,39,extreme
MM48,48,7/31/2016,BA0731M1,NW3,D,Y,Y,10,NA,30,2,MPB,BOM,none,no,none,no,0,cwd,39,extreme
MM48,48,7/31/2016,BA0731M1,SE2,D,Y,Y,25,NA,70,3,MPB,BOM,none,no,none,no,0,cwd,39,extreme
MM48,48,7/31/2016,BA0731M1,SW1,D,Y,NB,15,NA,95,4,MPB,BOM,none,no,none,no,0,cwd,39,extreme
MM48,48,7/31/2016,BA0731M1,SW2,D,Y,Y,20,NA,60,3,MPB,BOM,none,no,none,no,0,cwd,39,extreme
MM48,48,7/31/2016,BA0731M1,NE2,D,Y,Y,18,2,10,2,MPB,BOM,partial,yes,none,no,0,cwd,39,extreme
MM48,48,7/31/2016,BA0731M1,NW2,D,O,N,15,0.1,1,2,OPF,BOM,partial,yes,open,yes,3,cwd,39,extreme
ML49,49,7/31/2016,BA0731L1,SW1,D,Y,Y,14,2,10,2,MPB,BOM,full,yes,both,yes,200,snag,39,extreme
ML49,49,7/31/2016,BA0731L1,NE2,D,Y,Y,19.5,1.5,8,2,MPB,BOM,full,yes,closed,no,180,snag,39,extreme
ML49,49,7/31/2016,BA0731L1,NW1,D,O,Y,13.5,1,3,2,OPF,BOM,full,yes,closed,no,250,snag,39,extreme
ML49,49,7/31/2016,BA0731L1,SE2,D,N,N,12,1,7,2,OPF,BOM,full,yes,closed,no,250,snag,39,extreme
ML49,49,7/31/2016,BA0731L1,SE3,D,O,Y,16.5,1,4,1,FIRE,FIRE,full,yes,closed,no,130,snag,39,extreme
ML49,49,7/31/2016,BA0731L1,NE1,D,Y,Y,13,1,6,2,MPB,BOM,partial,yes,closed,no,10,snag,39,extreme
ML49,49,7/31/2016,BA0731L1,SE4,D,Y,Y,20.5,2,15,2,MPB,BOM,partial,yes,closed,no,380,snag,39,extreme
ML49,49,7/31/2016,BA0731L1,NEB,D,Y,Y,19,0.5,5,2,MPB,BOM,partial,yes,none,no,0,cwd,39,extreme
ML49,49,7/31/2016,BA0731L1,SE1,D,Y,Y,18,1,10,2,MPB,BOM,full,yes,open,yes,25,snag,39,extreme
ML49,49,7/31/2016,BA0731L1,NW2,D,Y,Y,22,1,5,2,MPB,BOM,partial,yes,open,yes,8,cwd,39,extreme
ML49,49,7/31/2016,BA0731L1,SW2,D,O,N,11,1.5,5,2,OPF,BOM,none,no,partial,yes,2,cwd,39,extreme
ML49,49,7/31/2016,BA0731L1,NEA,D,Y,Y,15,1.5,10,2,MPB,BOM,partial,yes,partial,yes,40,cwd,39,extreme
LM50,50,8/1/2016,BA0801M1,SW1,D,N,N,12,0.1,0.5,1,FIRE,FIRE,full,yes,both,yes,130,snag,37.4,extreme
LM50,50,8/1/2016,BA0801M1,SE1,D,N,N,13,3,45,1,FIRE,FIRE,full,yes,closed,no,25,snag,37.4,extreme
LM50,50,8/1/2016,BA0801M1,SW3,D,N,N,10.5,1.5,15,2,FIRE,FIRE,full,yes,closed,no,75,snag,37.4,extreme
LM50,50,8/1/2016,BA0801M1,SEB,D,Y,Y,17.5,4,20,2,MPB,BOM,partial,yes,closed,no,19,cwd,37.4,extreme
LM50,50,8/1/2016,BA0801M1,SW2,D,N,N,8.5,2.5,30,2,OPF,BOM,partial,yes,closed,no,30,snag,37.4,extreme
LM50,50,8/1/2016,BA0801M1,NE1,D,O,Y,11,2.5,70,2,OPF,BOM,none,no,none,no,0,snag,37.4,extreme
LM50,50,8/1/2016,BA0801M1,NE5,D,O,N,11,2.5,15,2,OPF,BOM,none,no,none,no,0,cwd,37.4,extreme
LM50,50,8/1/2016,BA0801M1,NE8,D,O,NB,8,5.5,75,3,OPF,BOM,none,no,none,no,0,cwd,37.4,extreme
LM50,50,8/1/2016,BA0801M1,SW4,D,Y,Y,15,NA,85,3,MPB,BOM,none,no,none,no,0,cwd,37.4,extreme
LM50,50,8/1/2016,BA0801M1,SW5,D,Y,Y,16.5,NA,85,3,MPB,BOM,none,no,none,no,0,cwd,37.4,extreme
LM50,50,8/1/2016,BA0801M1,SW6,D,Y,Y,13,NA,80,3,MPB,BOM,none,no,none,no,0,cwd,37.4,extreme
LM50,50,8/1/2016,BA0801M1,NE4,D,Y,Y,11.5,2.5,35,2,MPB,BOM,partial,yes,none,no,0,cwd,37.4,extreme
LM50,50,8/1/2016,BA0801M1,NE6,D,O,Y,16.5,3.5,15,2,OPF,BOM,partial,yes,none,no,0,cwd,37.4,extreme
LM50,50,8/1/2016,BA0801M1,NE7,D,Y,Y,21,2,12,2,MPB,BOM,partial,yes,none,no,0,cwd,37.4,extreme
LM50,50,8/1/2016,BA0801M1,SE2,D,N,N,8.5,1,20,2,OPF,BOM,full,yes,open,yes,10,snag,37.4,extreme
LM50,50,8/1/2016,BA0801M1,SE3,D,N,N,10.5,2,15,2,OPF,BOM,full,yes,open,yes,100,snag,37.4,extreme
LM50,50,8/1/2016,BA0801M1,NW1,D,Y,Y,14,NA,20,2,MPB,BOM,none,no,open,yes,3,cwd,37.4,extreme
LM50,50,8/1/2016,BA0801M1,NE2,D,O,Y,10,2,25,2,OPF,BOM,partial,yes,open,yes,5,snag,37.4,extreme
LM50,50,8/1/2016,BA0801M1,SEA,D,Y,Y,19,8,45,2,MPB,BOM,partial,yes,open,yes,3,cwd,37.4,extreme
LM50,50,8/1/2016,BA0801M1,SW7,D,Y,Y,11,4,15,2,MPB,BOM,full,yes,partial,yes,3,cwd,37.4,extreme
HM51,51,8/3/2016,BA0803M1,NE5,D,Y,Y,18.5,3,30,2,MPB,BOM,none,no,closed,no,10,cwd,37.4,extreme
HM51,51,8/3/2016,BA0803M1,NE2,D,Y,Y,23,3,20,2,MPB,BOM,partial,yes,closed,no,11,cwd,37.4,extreme
HM51,51,8/3/2016,BA0803M1,NE3,D,Y,Y,17.5,NA,100,4,MPB,BOM,none,no,none,no,0,cwd,37.4,extreme
HM51,51,8/3/2016,BA0803M1,NE4,D,Y,Y,23.5,2,10,2,MPB,BOM,none,no,none,no,0,cwd,37.4,extreme
HM51,51,8/3/2016,BA0803M1,NEA,D,O,N,8.5,4,25,2,OPF,BOM,none,no,none,no,0,cwd,37.4,extreme
HM51,51,8/3/2016,BA0803M1,NEC,D,O,N,10,NA,50,3,OPF,BOM,none,no,none,no,0,cwd,37.4,extreme
HM51,51,8/3/2016,BA0803M1,NW1,D,Y,Y,23,NA,95,4,MPB,BOM,none,no,none,no,0,cwd,37.4,extreme
HM51,51,8/3/2016,BA0803M1,SW1,D,NC,NB,16,NA,90,4,OPF,BOM,none,no,none,no,0,cwd,37.4,extreme
HM51,51,8/3/2016,BA0803M1,SW2,D,Y,Y,19,NA,90,4,MPB,BOM,none,no,none,no,0,cwd,37.4,extreme
HM51,51,8/3/2016,BA0803M1,SW3,D,Y,Y,15,NA,90,4,MPB,BOM,none,no,none,no,0,cwd,37.4,extreme
HM51,51,8/3/2016,BA0803M1,SW4,D,Y,Y,25,NA,60,3,MPB,BOM,none,no,none,no,0,cwd,37.4,extreme
HM51,51,8/3/2016,BA0803M1,SW5,D,Y,NB,15.5,NA,95,4,MPB,BOM,none,no,none,no,0,cwd,37.4,extreme
HM51,51,8/3/2016,BA0803M1,NE1,D,Y,Y,24.5,2,35,2,MPB,BOM,partial,yes,none,no,0,cwd,37.4,extreme
HM51,51,8/3/2016,BA0803M1,NEB,D,Y,Y,13,4,25,2,MPB,BOM,partial,yes,none,no,0,cwd,37.4,extreme
HM51,51,8/3/2016,BA0803M1,SE1,D,Y,Y,14.5,4,20,2,MPB,BOM,partial,yes,open,yes,0,cwd,37.4,extreme
MM52,52,8/7/2016,TL0807M2,NE3,D,N,Y,12.5,5.5,30,1,FIRE,FIRE,full,yes,closed,no,70,snag,28.9,moderate
MM52,52,8/7/2016,TL0807M2,NE2,D,N,N,11,8,100,1,FIRE,FIRE,partial,yes,closed,no,120,snag,28.9,moderate
MM52,52,8/7/2016,TL0807M2,NE1,D,Y,NB,16,6,100,3,MPB,BOM,none,no,none,no,0,snag,28.9,moderate
MM52,52,8/7/2016,TL0807M2,NW1,D,Y,NB,16,8,100,3,MPB,BOM,none,no,none,no,0,snag,28.9,moderate
MM52,52,8/7/2016,TL0807M2,NW2,D,Y,NB,10,7,100,3,MPB,BOM,none,no,none,no,0,snag,28.9,moderate
MM52,52,8/7/2016,TL0807M2,SE1,D,NC,NB,14,6,100,3,OPF,BOM,none,no,none,no,0,snag,28.9,moderate
MM52,52,8/7/2016,TL0807M2,SE2,D,Y,NB,14.5,4.5,100,3,MPB,BOM,none,no,none,no,0,snag,28.9,moderate
MM52,52,8/7/2016,TL0807M2,SW1,D,Y,NB,11,6,99,3,MPB,BOM,none,no,none,no,0,snag,28.9,moderate
MM52,52,8/7/2016,TL0807M2,SW2,D,O,NB,13.5,9,100,4,OPF,BOM,none,no,none,no,0,cwd,28.9,moderate
MM52,52,8/7/2016,TL0807M2,SW3,D,O,NB,11.5,9,90,4,OPF,BOM,none,no,none,no,0,cwd,28.9,moderate
MM52,52,8/7/2016,TL0807M2,NW3,D,Y,NB,19,12,99,3,MPB,BOM,partial,yes,partial,yes,23,snag,28.9,moderate
LM53,53,8/7/2016,TL0807M1,NE3,D,N,N,17,7.5,65,1,FIRE,FIRE,partial,yes,closed,no,70,snag,28.9,moderate
LM53,53,8/7/2016,TL0807M1,NE1,D,N,N,8,3.5,97,3,OPF,BOM,none,no,none,no,0,cwd,28.9,moderate
LM53,53,8/7/2016,TL0807M1,NE2,D,N,N,14,2.5,60,2,OPF,BOM,none,no,none,no,0,snag,28.9,moderate
LM53,53,8/7/2016,TL0807M1,NE5,D,NC,NB,15.5,5.5,100,3,OPF,BOM,none,no,none,no,0,snag,28.9,moderate
LM53,53,8/7/2016,TL0807M1,NEA,D,Y,NB,18,NA,85,3,MPB,BOM,none,no,none,no,0,cwd,28.9,moderate
LM53,53,8/7/2016,TL0807M1,NW1,D,NC,NB,19,NA,100,4,OPF,BOM,none,no,none,no,0,cwd,28.9,moderate
LM53,53,8/7/2016,TL0807M1,NW2,D,NC,NB,14.5,NA,100,4,OPF,BOM,none,no,none,no,0,cwd,28.9,moderate
LM53,53,8/7/2016,TL0807M1,NW3,D,O,NB,14,NA,90,4,OPF,BOM,none,no,none,no,0,cwd,28.9,moderate
LM53,53,8/7/2016,TL0807M1,SE1,D,NC,NB,15.5,2.5,100,3,OPF,BOM,none,no,none,no,0,snag,28.9,moderate
LM53,53,8/7/2016,TL0807M1,SE2,D,N,NB,8.5,4,55,2,OPF,BOM,none,no,none,no,0,snag,28.9,moderate
LM53,53,8/7/2016,TL0807M1,SW1,D,NC,NB,12,NA,100,4,OPF,BOM,none,no,none,no,0,cwd,28.9,moderate
LM53,53,8/7/2016,TL0807M1,NE4,D,N,N,14,6,70,1,FIRE,FIRE,partial,yes,partial,yes,7,snag,28.9,moderate
HL54,54,8/8/2016,TL0808L1,SE1,D,Y,Y,10,1,7,2,MPB,BOM,full,yes,both,yes,110,snag,28.9,moderate
HL54,54,8/8/2016,TL0808L1,SE2,D,Y,Y,12.5,0,0,1,MPB,BOM,full,yes,both,yes,35,snag,28.9,moderate
HL54,54,8/8/2016,TL0808L1,SE5,D,O,Y,12,0,0,1,OPF,BOM,partial,yes,closed,no,6,cwd,28.9,moderate
HL54,54,8/8/2016,TL0808L1,SEA,D,Y,Y,17.5,3,10,2,MPB,BOM,partial,yes,closed,no,32,cwd,28.9,moderate
HL54,54,8/8/2016,TL0808L1,SEB,D,Y,Y,20.5,0,0,1,MPB,BOM,partial,yes,closed,no,100,cwd,28.9,moderate
HL54,54,8/8/2016,TL0808L1,SE3,D,N,N,9,0,0,1,UNK ,UPF,full,yes,none,no,0,snag,28.9,moderate
HL54,54,8/8/2016,TL0808L1,NE2,D,Y,NB,14,11,75,3,MPB,BOM,none,no,none,no,0,cwd,28.9,moderate
HL54,54,8/8/2016,TL0808L1,SEC,D,N,N,9.5,0,0,1,OPF,BOM,none,no,none,no,0,cwd,28.9,moderate
HL54,54,8/8/2016,TL0808L1,SW1,D,Y,Y,19.5,NA,70,3,MPB,BOM,none,no,none,no,0,cwd,28.9,moderate
HL54,54,8/8/2016,TL0808L1,SW2,D,Y,NB,19,NA,85,3,MPB,BOM,none,no,none,no,0,cwd,28.9,moderate
HL54,54,8/8/2016,TL0808L1,NE1,D,Y,Y,15,11,65,2,MPB,BOM,partial,yes,none,no,0,cwd,28.9,moderate
HL54,54,8/8/2016,TL0808L1,SED,D,Y,Y,10.5,0,0,1,MPB,BOM,partial,yes,none,no,0,cwd,28.9,moderate
HL54,54,8/8/2016,TL0808L1,NW1,D,Y,Y,17.5,3,15,2,MPB,BOM,partial,yes,partial,yes,3,cwd,28.9,moderate
LL55,55,8/9/2016,TL0809L1,NE3,D,N,N,12.5,0.5,5,1,FIRE,FIRE,full,yes,closed,no,50,snag,28.9,moderate
LL55,55,8/9/2016,TL0809L1,NE6,D,O,Y,14.5,0,0,1,UNK,UPF,full,yes,closed,no,60,snag,28.9,moderate
LL55,55,8/9/2016,TL0809L1,NW1,D,O,Y,15.5,0.5,3,1,FIRE,FIRE,full,yes,closed,no,200,snag,28.9,moderate
LL55,55,8/9/2016,TL0809L1,NW5,D,N,N,13,2.5,20,1,FIRE,FIRE,full,yes,closed,no,150,snag,28.9,moderate
LL55,55,8/9/2016,TL0809L1,SW1,D,O,Y,12,0.5,3,1,FIRE,FIRE,full,yes,closed,no,100,snag,28.9,moderate
LL55,55,8/9/2016,TL0809L1,NE1,L,live,live,17.5,0.1,1,1,live,live,full,yes,closed,no,45,live,28.9,moderate
LL55,55,8/9/2016,TL0809L1,NE2,L,live,live,12,0,0,1,live,live,full,yes,closed,no,35,live,28.9,moderate
LL55,55,8/9/2016,TL0809L1,NW2,L,live,live,12.5,1,3,1,live,live,full,yes,closed,no,100,snag,28.9,moderate
LL55,55,8/9/2016,TL0809L1,SE2,L,live,live,11.5,0.1,1,1,live,live,full,yes,closed,no,30,snag,28.9,moderate
LL55,55,8/9/2016,TL0809L1,NE4,D,N,N,10,0.1,4,1,FIRE,FIRE,partial,yes,closed,no,75,snag,28.9,moderate
LL55,55,8/9/2016,TL0809L1,NW3,D,N,N,8,1.5,10,1,UNK,UPF,partial,yes,closed,no,30,snag,28.9,moderate
LL55,55,8/9/2016,TL0809L1,SE3,D,N,N,12,0.5,8,2,OPF,BOM,partial,yes,closed,no,7,snag,28.9,moderate
LL55,55,8/9/2016,TL0809L1,SE1,D,N,Y,9.5,0.1,3,1,FIRE,FIRE,full,yes,open,yes,15,snag,28.9,moderate
LL55,55,8/9/2016,TL0809L1,NE5,D,Y,Y,18,0.1,2,2,MPB,BOM,partial,yes,open,yes,5,snag,28.9,moderate
LL55,55,8/9/2016,TL0809L1,NW4,D,Y,Y,16,2.5,20,2,MPB,BOM,partial,yes,open,yes,100,snag,28.9,moderate
LL55,55,8/9/2016,TL0809L1,SE4,D,Y,Y,15.5,0.5,3,2,MPB,BOM,partial,yes,open,yes,230,snag,28.9,moderate
LL55,55,8/9/2016,TL0809L1,SW2,D,Y,Y,13.5,1.5,5,2,MPB,BOM,partial,yes,open,yes,30,snag,28.9,moderate
LL55,55,8/9/2016,TL0809L1,SW4,D,Y,Y,14,0.1,0.5,1,MPB,BOM,partial,yes,open,yes,100,snag,28.9,moderate
LL55,55,8/9/2016,TL0809L1,SW3,D,Y,Y,14.5,1.5,5,2,MPB,BOM,partial,yes,partial,yes,40,snag,28.9,moderate
LH56,56,8/9/2016,TL0809H1,SE2,D,N,NB,8.5,NA,40,2,OPF,BOM,partial,yes,closed,no,31,cwd,28.9,moderate
LH56,56,8/9/2016,TL0809H1,NE1,D,Y,Y,26,NA,100,4,MPB,BOM,none,no,none,no,0,cwd,28.9,moderate
LH56,56,8/9/2016,TL0809H1,NEA,D,NC,NB,17,NA,100,4,OPF,BOM,none,no,none,no,0,cwd,28.9,moderate
LH56,56,8/9/2016,TL0809H1,NW2,D,NC,NB,20,NA,100,4,OPF,BOM,none,no,none,no,0,cwd,28.9,moderate
LH56,56,8/9/2016,TL0809H1,SE1,D,O,NB,22,NA,100,4,OPF,BOM,none,no,none,no,0,cwd,28.9,moderate
LH56,56,8/9/2016,TL0809H1,SEA,D,NC,NB,12,NA,100,4,OPF,BOM,none,no,none,no,0,cwd,28.9,moderate
LH56,56,8/9/2016,TL0809H1,SWA,D,NC,NB,28,NA,100,4,OPF,BOM,none,no,none,no,0,cwd,28.9,moderate
LH56,56,8/9/2016,TL0809H1,NW1,D,N,N,10.5,10,100,1,FIRE,FIRE,partial,yes,open,yes,40,snag,28.9,moderate
LH56,56,8/9/2016,TL0809H1,SW1,D,N,N,10,10,100,1,FIRE,FIRE,partial,yes,open,yes,9,snag,28.9,moderate
LH56,56,8/9/2016,TL0809H1,SW2,D,N,N,8,6,100,2,FIRE,FIRE,partial,yes,open,yes,6,snag,28.9,moderate
LH56,56,8/9/2016,TL0809H1,SW3,D,N,N,7.5,5.5,100,1,FIRE,FIRE,partial,yes,open,yes,4,snag,28.9,moderate
LH57,57,8/9/2016,TL0809H2,NW1,D,N,N,10,9,100,1,FIRE,FIRE,partial,yes,NA,,20,snag,28.9,moderate
LH57,57,8/9/2016,TL0809H2,NW2,D,Y,NB,18,10,99,3,MPB,BOM,none,no,none,no,0,snag,28.9,moderate
LH57,57,8/9/2016,TL0809H2,NW3,D,NC,NB,19,NA,99,4,OPF,BOM,none,no,none,no,0,cwd,28.9,moderate
LH57,57,8/9/2016,TL0809H2,NW4,D,Y,NB,22,NA,99,4,MPB,BOM,none,no,none,no,0,cwd,28.9,moderate
LH57,57,8/9/2016,TL0809H2,SE5,D,NC,NB,8.5,NA,100,4,OPF,BOM,none,no,none,no,0,cwd,28.9,moderate
LH57,57,8/9/2016,TL0809H2,SE6,D,O,NB,14,NA,100,4,OPF,BOM,none,no,none,no,0,cwd,28.9,moderate
LH57,57,8/9/2016,TL0809H2,SE7,D,N,NB,26.5,NA,100,4,OPF,BOM,none,no,none,no,0,cwd,28.9,moderate
LH57,57,8/9/2016,TL0809H2,SW1,D,NC,NB,22,10,99,3,OPF,BOM,none,no,none,no,0,snag,28.9,moderate
LH57,57,8/9/2016,TL0809H2,SW2,D,NC,NB,19.5,10,99,3,OPF,BOM,none,no,none,no,0,snag,28.9,moderate
LH57,57,8/9/2016,TL0809H2,SW4,D,Y,NB,23,NA,99,4,MPB,BOM,none,no,none,no,0,cwd,28.9,moderate
LH57,57,8/9/2016,TL0809H2,SW5,D,NC,NB,17.5,NA,100,4,OPF,BOM,none,no,none,no,0,cwd,28.9,moderate
LH57,57,8/9/2016,TL0809H2,SE4,D,N,N,13,9,100,1,FIRE,FIRE,full,yes,open,yes,200,snag,28.9,moderate
LH57,57,8/9/2016,TL0809H2,NE1,D,N,N,13.5,6,100,1,FIRE,FIRE,partial,yes,open,yes,80,snag,28.9,moderate
LH57,57,8/9/2016,TL0809H2,NE2,D,N,N,10.5,6.5,55,1,FIRE,FIRE,partial,yes,open,yes,40,snag,28.9,moderate
LH57,57,8/9/2016,TL0809H2,SE1,D,N,Y,15.5,10,100,1,FIRE,FIRE,partial,yes,open,yes,210,snag,28.9,moderate
LH57,57,8/9/2016,TL0809H2,SE2,D,N,N,8,9,100,1,FIRE,FIRE,partial,yes,open,yes,20,snag,28.9,moderate
LH57,57,8/9/2016,TL0809H2,SE3,D,N,N,12.5,9,100,1,FIRE,FIRE,partial,yes,open,yes,30,snag,28.9,moderate
LH57,57,8/9/2016,TL0809H2,SW3,D,N,N,11,9,100,1,FIRE,FIRE,partial,yes,open,yes,30,snag,28.9,moderate
LH58,58,8/10/2016,TL0810H1,NE2,D,NC,NB,9.5,NA,100,4,OPF,UPF,none,no,none,no,0,cwd,21.3,moderate
LH58,58,8/10/2016,TL0810H1,NE3,D,NC,NB,8.5,NA,100,4,OPF,UPF,none,no,none,no,0,cwd,21.3,moderate
LH58,58,8/10/2016,TL0810H1,NE4,D,NC,NB,10.5,NA,100,4,OPF,UPF,none,no,none,no,0,cwd,21.3,moderate
LH58,58,8/10/2016,TL0810H1,NE5,D,NC,NB,10.5,NA,100,4,OPF,UPF,none,no,none,no,0,cwd,21.3,moderate
LH58,58,8/10/2016,TL0810H1,NE6,D,NC,NB,9.5,NA,100,4,OPF,UPF,none,no,none,no,0,cwd,21.3,moderate
LH58,58,8/10/2016,TL0810H1,NW1,D,NC,NB,11,NA,100,4,OPF,UPF,none,no,none,no,0,cwd,21.3,moderate
LH58,58,8/10/2016,TL0810H1,SW4,D,NC,NB,9.5,NA,100,4,OPF,UPF,none,no,none,no,0,cwd,21.3,moderate
LH58,58,8/10/2016,TL0810H1,SW5,D,NC,NB,9,NA,100,4,OPF,UPF,none,no,none,no,0,cwd,21.3,moderate
LH58,58,8/10/2016,TL0810H1,SW6,D,NC,NB,9.5,NA,100,4,OPF,UPF,none,no,none,no,0,cwd,21.3,moderate
LH58,58,8/10/2016,TL0810H1,NE7,D,N,N,7.5,NA,60,2,OPF,UPF,partial,yes,none,no,0,cwd,21.3,moderate
LH58,58,8/10/2016,TL0810H1,NE1,D,N,N,10.5,6.5,100,1,FIRE,FIRE,full,yes,open,yes,90,snag,21.3,moderate
LH58,58,8/10/2016,TL0810H1,SE1,D,N,N,11.5,8.5,100,1,FIRE,FIRE,full,yes,open,yes,130,snag,21.3,moderate
LH58,58,8/10/2016,TL0810H1,SE2,D,N,N,9.5,8.5,100,2,OPF,UPF,full,yes,open,yes,60,snag,21.3,moderate
LH58,58,8/10/2016,TL0810H1,SE4,D,N,N,10.5,9,100,1,FIRE,FIRE,full,yes,open,yes,20,snag,21.3,moderate
LH58,58,8/10/2016,TL0810H1,SE3,D,N,N,10.5,9,100,1,FIRE,FIRE,partial,yes,open,yes,25,snag,21.3,moderate
LH58,58,8/10/2016,TL0810H1,SW1,D,N,N,10,10,100,2,FIRE,FIRE,partial,yes,open,yes,20,cwd,21.3,moderate
LH58,58,8/10/2016,TL0810H1,SW2,D,N,N,9,10,100,2,FIRE,FIRE,partial,yes,open,yes,180,cwd,21.3,moderate
LH58,58,8/10/2016,TL0810H1,SW3,D,N,N,11.5,12,50,2,FIRE,FIRE,partial,yes,open,yes,100,cwd,21.3,moderate
ML59,59,8/10/2016,TL0810L1,NW5,D,N,N,15,2,10,1,FIRE,FIRE,full,yes,both,yes,300,snag,21.3,moderate
ML59,59,8/10/2016,TL0810L1,NE3,D,Y,Y,17.5,1.5,10,2,MPB,BOM,partial,yes,both,yes,145,cwd,21.3,moderate
ML59,59,8/10/2016,TL0810L1,NE2,D,Y,Y,13.5,0,1,1,MPB,BOM,full,yes,closed,no,1,cwd,21.3,moderate
ML59,59,8/10/2016,TL0810L1,NW3,D,N,N,13.5,1.5,10,1,FIRE,FIRE,partial,yes,closed,no,200,snag,21.3,moderate
ML59,59,8/10/2016,TL0810L1,SE7,D,Y,Y,14,1.5,10,2,MPB,BOM,partial,yes,closed,no,2,cwd,21.3,moderate
ML59,59,8/10/2016,TL0810L1,NE4,D,Y,Y,20,NA,50,3,MPB,BOM,none,no,none,no,0,cwd,21.3,moderate
ML59,59,8/10/2016,TL0810L1,NW6,D,Y,Y,18,NA,60,3,MPB,BOM,none,no,none,no,0,cwd,21.3,moderate
ML59,59,8/10/2016,TL0810L1,SE6,D,O,N,12,NA,7,2,OPF,BOM,none,no,none,no,0,cwd,21.3,moderate
ML59,59,8/10/2016,TL0810L1,SED,D,N,NB,8,NA,15,2,OPF,BOM,none,no,none,no,0,cwd,21.3,moderate
ML59,59,8/10/2016,TL0810L1,NE5,D,Y,Y,15,2,15,2,MPB,BOM,partial,yes,none,no,0,cwd,21.3,moderate
ML59,59,8/10/2016,TL0810L1,NW4,D,N,N,8.5,1.5,10,1,UNK,UPF,partial,yes,none,no,0,snag,21.3,moderate
ML59,59,8/10/2016,TL0810L1,SE10,D,O,Y,12.5,NA,12,2,OPF,BOM,partial,yes,none,no,0,cwd,21.3,moderate
ML59,59,8/10/2016,TL0810L1,SE5,D,O,N,14,1.5,7,2,OPF,BOM,partial,yes,none,no,0,cwd,21.3,moderate
ML59,59,8/10/2016,TL0810L1,SE8,D,O,Y,15,1,10,2,OPF,BOM,partial,yes,none,no,0,cwd,21.3,moderate
ML59,59,8/10/2016,TL0810L1,SE9,D,O,N,8.5,1,6,2,OPF,BOM,partial,yes,none,no,0,cwd,21.3,moderate
ML59,59,8/10/2016,TL0810L1,SE1,D,N,N,15.5,1.5,10,1,FIRE,FIRE,full,yes,open,yes,10,snag,21.3,moderate
ML59,59,8/10/2016,TL0810L1,SE2,D,N,N,7.5,0.5,10,1,FIRE,FIRE,full,yes,open,yes,10,snag,21.3,moderate
ML59,59,8/10/2016,TL0810L1,SW2,D,N,N,8.5,2.5,30,1,FIRE,FIRE,full,yes,open,yes,85,snag,21.3,moderate
ML59,59,8/10/2016,TL0810L1,SEA,D,O,Y,10.5,NA,5,2,OPF,BOM,none,no,open,yes,10,cwd,21.3,moderate
ML59,59,8/10/2016,TL0810L1,SEC,D,O,NB,12.5,NA,5,2,OPF,BOM,none,no,open,yes,20,cwd,21.3,moderate
ML59,59,8/10/2016,TL0810L1,NW1,D,N,N,8.5,0.1,0.5,1,UNK,UPF,partial,yes,open,yes,20,snag,21.3,moderate
ML59,59,8/10/2016,TL0810L1,SE3,D,N,N,10.5,2,12,1,FIRE,FIRE,partial,yes,open,yes,70,snag,21.3,moderate
ML59,59,8/10/2016,TL0810L1,SEB,D,O,NB,11,NA,10,2,OPF,BOM,partial,yes,open,yes,65,cwd,21.3,moderate
ML59,59,8/10/2016,TL0810L1,SW3,D,Y,Y,15,NA,85,3,MPB,BOM,partial,yes,open,yes,11,cwd,21.3,moderate
ML59,59,8/10/2016,TL0810L1,SW4,D,O,Y,9,NA,2,2,OPF,BOM,partial,yes,open,yes,7,cwd,21.3,moderate
ML59,59,8/10/2016,TL0810L1,SW5,D,Y,Y,12,NA,3,2,MPB,BOM,partial,yes,open,yes,20,cwd,21.3,moderate
ML59,59,8/10/2016,TL0810L1,SW6,D,Y,Y,13,1.5,10,2,MPB,BOM,partial,yes,open,yes,10,cwd,21.3,moderate
ML59,59,8/10/2016,TL0810L1,SE4,D,N,N,10.5,0.5,4,1,FIRE,FIRE,full,yes,partial,yes,8,snag,21.3,moderate
ML59,59,8/10/2016,TL0810L1,NE1,D,Y,Y,15,1.5,8,2,MPB,BOM,partial,yes,partial,yes,3,snag,21.3,moderate
ML59,59,8/10/2016,TL0810L1,NW2,D,Y,Y,15.5,1,5,2,MPB,BOM,partial,yes,partial,yes,200,snag,21.3,moderate
ML59,59,8/10/2016,TL0810L1,SW1,D,Y,Y,17.5,5,50,2,MPB,BOM,partial,yes,partial,yes,200,snag,21.3,moderate
LM60,60,8/10/2016,TL0810M1,NE5,D,Y,Y,23.5,3.5,30,2,MPB,BOM,full,yes,closed,no,190,cwd,21.3,moderate
LM60,60,8/10/2016,TL0810M1,SE2,D,N,Y,8,2,55,1,FIRE,FIRE,full,yes,none,no,0,snag,21.3,moderate
LM60,60,8/10/2016,TL0810M1,SE3,D,N,Y,8,4,55,1,FIRE,FIRE,full,yes,none,no,0,snag,21.3,moderate
LM60,60,8/10/2016,TL0810M1,SE4,D,NC,NB,16,NA,100,4,OPF,BOM,none,no,none,no,0,cwd,21.3,moderate
LM60,60,8/10/2016,TL0810M1,SE5,D,O,NB,11.5,NA,100,4,OPF,BOM,none,no,none,no,0,cwd,21.3,moderate
LM60,60,8/10/2016,TL0810M1,SW4,D,Y,Y,14,NA,45,2,MPB,BOM,none,no,none,no,0,cwd,21.3,moderate
LM60,60,8/10/2016,TL0810M1,SW5,D,O,NB,9.5,NA,95,4,OPF,BOM,none,no,none,no,0,cwd,21.3,moderate
LM60,60,8/10/2016,TL0810M1,SW6,D,O,N,10,5,45,2,OPF,BOM,none,no,none,no,0,cwd,21.3,moderate
LM60,60,8/10/2016,TL0810M1,SW7,D,NC,NB,9.5,NA,99,4,OPF,BOM,none,no,none,no,0,cwd,21.3,moderate
LM60,60,8/10/2016,TL0810M1,NW1,D,O,Y,18,12,85,3,OPF,BOM,partial,yes,none,no,0,snag,21.3,moderate
LM60,60,8/10/2016,TL0810M1,NW3,D,Y,NB,11.5,NA,90,4,MPB,BOM,partial,yes,none,no,0,cwd,21.3,moderate
LM60,60,8/10/2016,TL0810M1,NE1,D,N,N,8.5,4.5,60,1,FIRE,FIRE,full,yes,open,yes,10,snag,21.3,moderate
LM60,60,8/10/2016,TL0810M1,NE3,D,N,Y,12,3,35,1,FIRE,FIRE,full,yes,open,yes,25,snag,21.3,moderate
LM60,60,8/10/2016,TL0810M1,SE1,D,N,N,7.5,4.5,50,1,FIRE,FIRE,full,yes,open,yes,2,snag,21.3,moderate
LM60,60,8/10/2016,TL0810M1,SW1,D,N,N,8,5,40,1,FIRE,FIRE,full,yes,open,yes,40,snag,21.3,moderate
LM60,60,8/10/2016,TL0810M1,SW2,D,N,N,8.5,5,40,1,FIRE,FIRE,full,yes,open,yes,150,snag,21.3,moderate
LM60,60,8/10/2016,TL0810M1,SW3,D,N,N,13,5,40,2,FIRE,FIRE,full,yes,open,yes,200,snag,21.3,moderate
LM60,60,8/10/2016,TL0810M1,NE2,D,N,N,7.5,5.5,80,1,FIRE,FIRE,partial,yes,open,yes,22,snag,21.3,moderate
LM60,60,8/10/2016,TL0810M1,NW2,D,Y,NB,13,12,85,3,MPB,BOM,partial,yes,open,yes,30,cwd,21.3,moderate
LM60,60,8/10/2016,TL0810M1,NE4,D,O,Y,9.5,4.5,10,2,OPF,BOM,none,no,partial,yes,1,cwd,21.3,moderate
LL61,61,8/11/2016,TL0811L1,NE1,D,N,N,16.5,2,11,1,FIRE,FIRE,full,yes,both,yes,16,snag,28.9,moderate
LL61,61,8/11/2016,TL0811L1,NE2,D,N,N,12.5,1.5,8,1,FIRE,FIRE,full,yes,closed,no,22,snag,28.9,moderate
LL61,61,8/11/2016,TL0811L1,NE3,L,live,live,13,0.1,2,1,live,live,full,yes,closed,no,21,snag,28.9,moderate
LL61,61,8/11/2016,TL0811L1,NW1,D,Y,NB,17,NA,97,4,MPB,BOM,none,no,none,no,0,cwd,28.9,moderate
LL61,61,8/11/2016,TL0811L1,NW2,D,Y,NB,19.5,NA,97,4,MPB,BOM,none,no,none,no,0,cwd,28.9,moderate
LL61,61,8/11/2016,TL0811L1,NE4,D,N,Y,8.5,0.5,8,1,FIRE,FIRE,full,yes,open,yes,4,snag,28.9,moderate
LL61,61,8/11/2016,TL0811L1,NE5,D,N,Y,16.5,0.5,10,1,FIRE,FIRE,full,yes,open,yes,20,snag,28.9,moderate
LL61,61,8/11/2016,TL0811L1,SE1,D,N,Y,8.5,2,10,1,FIRE,FIRE,full,yes,open,yes,2,snag,28.9,moderate
LM62,62,8/11/2016,TL0811M1,NE1,D,N,Y,15,9,100,3,OPF,BOM,none,no,none,no,0,snag,28.9,moderate
LM62,62,8/11/2016,TL0811M1,NE2,D,Y,NB,16,9,100,3,MPB,BOM,none,no,none,no,0,snag,28.9,moderate
LM62,62,8/11/2016,TL0811M1,NE3,D,NC,NB,13,7,100,3,OPF,BOM,none,no,none,no,0,snag,28.9,moderate
LM62,62,8/11/2016,TL0811M1,NE6,D,Y,Y,16.5,8,100,3,MPB,BOM,none,no,none,no,0,snag,28.9,moderate
LM62,62,8/11/2016,TL0811M1,NE7,D,NC,NB,11.5,5,100,4,OPF,BOM,none,no,none,no,0,cwd,28.9,moderate
LM62,62,8/11/2016,TL0811M1,NEA,D,NC,NB,10,9,100,4,OPF,BOM,none,no,none,no,0,cwd,28.9,moderate
LM62,62,8/11/2016,TL0811M1,NEB,D,Y,NB,12,NA,100,4,MPB,BOM,none,no,none,no,0,cwd,28.9,moderate
LM62,62,8/11/2016,TL0811M1,NW1,D,N,N,10,8,100,2,FIRE,FIRE,none,no,none,no,0,snag,28.9,moderate
LM62,62,8/11/2016,TL0811M1,NW3,D,O,NB,8,4,100,3,OPF,BOM,none,no,none,no,0,snag,28.9,moderate
LM62,62,8/11/2016,TL0811M1,NW4,D,N,N,11.5,8,100,1,FIRE,FIRE,none,no,none,no,0,snag,28.9,moderate
LM62,62,8/11/2016,TL0811M1,NW6,D,NC,NB,14,6,100,3,OPF,BOM,none,no,none,no,0,snag,28.9,moderate
LM62,62,8/11/2016,TL0811M1,SE1,D,Y,NB,15.5,8,100,3,MPB,BOM,none,no,none,no,0,snag,28.9,moderate
LM62,62,8/11/2016,TL0811M1,SE4,D,NC,NB,11,NA,100,4,OPF,BOM,none,no,none,no,0,cwd,28.9,moderate
LM62,62,8/11/2016,TL0811M1,SW1,D,Y,NB,11,6,100,3,MPB,BOM,none,no,none,no,0,snag,28.9,moderate
LM62,62,8/11/2016,TL0811M1,SW2,D,Y,NB,12,5,100,3,MPB,BOM,none,no,none,no,0,snag,28.9,moderate
LM62,62,8/11/2016,TL0811M1,SW3,D,NC,NB,11.5,6,100,3,OPF,BOM,none,no,none,no,0,snag,28.9,moderate
LM62,62,8/11/2016,TL0811M1,SW6,D,NC,NB,11,6,100,4,OPF,BOM,none,no,none,no,0,cwd,28.9,moderate
LM62,62,8/11/2016,TL0811M1,SW7,D,O,NB,10,9,100,4,OPF,BOM,none,no,none,no,0,cwd,28.9,moderate
LM62,62,8/11/2016,TL0811M1,SW5,D,N,N,10,6,50,1,FIRE,FIRE,partial,yes,none,no,0,cwd,28.9,moderate
LM62,62,8/11/2016,TL0811M1,NE4,D,N,N,8.5,6,70,1,FIRE,FIRE,partial,yes,open,yes,14,snag,28.9,moderate
LM62,62,8/11/2016,TL0811M1,NE5,D,N,Y,14.5,9.5,100,1,FIRE,FIRE,partial,yes,open,yes,160,snag,28.9,moderate
LM62,62,8/11/2016,TL0811M1,NW2,D,N,N,12,12,100,1,FIRE,FIRE,partial,yes,open,yes,60,snag,28.9,moderate
LM62,62,8/11/2016,TL0811M1,NW5,D,N,N,11.5,10,100,1,FIRE,FIRE,partial,yes,open,yes,4,snag,28.9,moderate
LM62,62,8/11/2016,TL0811M1,SE2,D,N,N,8.5,5.5,50,1,FIRE,FIRE,partial,yes,open,yes,40,snag,28.9,moderate
LM62,62,8/11/2016,TL0811M1,SE3,D,N,N,12,9,100,1,FIRE,FIRE,partial,yes,open,yes,60,snag,28.9,moderate
LM62,62,8/11/2016,TL0811M1,SW4,D,N,N,10,12,100,1,FIRE,FIRE,partial,yes,open,yes,100,snag,28.9,moderate
LH63,63,8/11/2016,TL0811H1,NE2,D,NC,NB,17,10,100,3,OPF,BOM,none,no,none,no,0,snag,28.9,moderate
LH63,63,8/11/2016,TL0811H1,NE3,D,NC,NB,14,10,100,3,OPF,BOM,none,no,none,no,0,snag,28.9,moderate
LH63,63,8/11/2016,TL0811H1,NW1,D,NC,NB,19.5,10,100,4,OPF,BOM,none,no,none,no,0,snag,28.9,moderate
LH63,63,8/11/2016,TL0811H1,NW2,D,NC,NB,17.5,10,100,4,OPF,BOM,none,no,none,no,0,snag,28.9,moderate
LH63,63,8/11/2016,TL0811H1,NW3,D,NC,NB,12,8,100,4,OPF,BOM,none,no,none,no,0,snag,28.9,moderate
LH63,63,8/11/2016,TL0811H1,NW4,D,NC,NB,17,NA,100,4,OPF,BOM,none,no,none,no,0,cwd,28.9,moderate
LH63,63,8/11/2016,TL0811H1,SE1,D,NC,NB,28,1.5,100,3,OPF,BOM,none,no,none,no,0,snag,28.9,moderate
LH63,63,8/11/2016,TL0811H1,SE2,D,NC,NB,15.5,5.5,100,3,OPF,BOM,none,no,none,no,0,snag,28.9,moderate
LH63,63,8/11/2016,TL0811H1,SE3,D,NC,NB,18,NA,100,4,OPF,BOM,none,no,none,no,0,cwd,28.9,moderate
LH63,63,8/11/2016,TL0811H1,SE4,D,NC,NB,12.5,3.5,100,4,OPF,BOM,none,no,none,no,0,cwd,28.9,moderate
LH63,63,8/11/2016,TL0811H1,SW2,D,NC,NB,13,8,100,3,OPF,BOM,none,no,none,no,0,snag,28.9,moderate
LH63,63,8/11/2016,TL0811H1,SW3,D,NC,NB,19,NA,99,4,OPF,BOM,none,no,none,no,0,cwd,28.9,moderate
LH63,63,8/11/2016,TL0811H1,SW4,D,Y,NB,21,NA,99,4,MPB,BOM,none,no,none,no,0,cwd,28.9,moderate
LH63,63,8/11/2016,TL0811H1,SW1,D,N,N,17,12,80,1,FIRE,FIRE,full,yes,open,yes,800,snag,28.9,moderate
LH63,63,8/11/2016,TL0811H1,NE1,D,N,N,15.5,12.5,100,1,FIRE,FIRE,partial,yes,open,yes,400,snag,28.9,moderate
